,Part Number,Description,Supplier Name,Price,Quantity,Cost Per Unit,Total Cost,Months No Sale
373,0101-14646,rpha 1 matte black xs,parts canada/power twins,1049.99,0,734.96,0.0,10
374,0101-14647,rpha 1 matte black sm,parts canada/power twins,1049.95,0,734.96,0.0,11
819,0301-0081,120/70zr17 58w u pilot power 2,parts canada/power twins,294.99,0,186.47000000000003,0.0,11
854,0301-0436,120/70zr19 60w commander ii fr,parts canada/power twins,395.95,0,257.37,0.0,11
893,0301-0605,120/70zr17 (58w) diablo rosso 3,parts canada/power twins,288.99,0,187.82,0.0,10
940,0301-0732,120/70r17 58v scorpion rally s,parts canada/power twins,335.99,1,153.95000000000002,153.95000000000002,10
943,0301-0738,120/70zr19 (60w) battlecruise,parts canada/power twins,311.99,0,202.77,0.0,11
956,0301-0764,130/70r18 63h av91 cobra chrom,parts canada/power twins,499.99,1,216.43,216.43,9
968,0301-0776,120/70r17 58v me888 marathon u,parts canada/power twins,316.99,0,206.02,0.0,9
1122,0302-0849,170/60zr17 (72w) pilot road 4 gt,parts canada/power twins,392.99,0,255.42,0.0,11
1222,0302-1217,180/55r17 73v scorpion rally s,parts canada/power twins,525.99,1,241.02,241.02,10
1242,0302-1261,180/60r16 80h av92 cobra,parts canada/power twins,594.95,0,386.72,0.0,9
1243,0302-1262,180/70r16 77v av92 cobra chrom,parts canada/power twins,680.99,0,294.91,0.0,10
1247,0302-1266,"190/60r17,(78v)cchr",parts canada/power twins,563.99,0,231.54,0.0,11
1283,0302-1349,190/50zr17 (73w) battlax s22 r,parts canada/power twins,403.99,0,184.74,0.0,11
1284,0302-1349,190/50zr17 (73w) battlax s22 r,parts canada/power twins,378.95,0,246.32,0.0,9
1315,0302-1468,190/50zr17 metzeler sportec,parts canada/power twins,438.99,0,212.53,0.0,10
1327,0302-1505,150/60r17 66h battlax s22 rear,parts canada/power twins,300.99,0,128.19,0.0,11
1331,0302-1526,160/60zr17 (69w) battlax st t3,parts canada/power twins,377.99,0,183.98,0.0,11
1346,0302-1565,200/55zr17 (78w) diablo rosso,parts canada/power twins,497.95,0,323.67,0.0,10
1364,0302-1608,170/60zr17 (72w) road 6 rear,parts canada/power twins,501.95,0,326.27,0.0,10
1365,0302-1608,170/60zr17 (72w) road 6 rear,parts canada/power twins,501.95,0,326.27,0.0,10
1375,0302-1614,190/50zr17 (73w) road 6 gt rea,parts canada/power twins,553.99,0,270.54,0.0,11
1381,0302-1653,180/55zr17 (73w) diablo rosso,parts canada/power twins,433.95,0,282.07,0.0,9
1393,0303-0041,"130/70hr18,63h,g851f-g",parts canada/power twins,302.99,0,196.88,0.0,10
1394,0303-0063,120/70zr19 (60w) d208 v-rod fr,parts canada/power twins,384.95,0,250.22,0.0,11
1413,0304-0023,180/55zr18 74w exedra g850r re,parts canada/power twins,365.99,0,161.34,0.0,11
1414,0304-0023,180/55zr18 74w exedra g850r re,parts canada/power twins,330.95,0,215.12,0.0,11
1415,0304-0039,"190/60hr17,78h,g850r-g,",parts canada/power twins,423.99,0,275.0,0.0,10
1531,0305-0519,120/70b21 68h me888 marathon,parts canada/power twins,426.95,0,277.52,0.0,9
1534,0305-0527,120/70b17 58v me888 front metz,parts canada/power twins,367.99,0,239.17,0.0,11
1557,0305-0585,100/90-18 56v roadtec 01 front,parts canada/power twins,285.99,0,125.4,0.0,9
1574,0305-0628,120/70-21 68v av91 cobra chrome,parts canada/power twins,531.95,0,345.77000000000004,0.0,9
1584,0305-0646,100/90-16 54h roadtec 01 front,parts canada/power twins,268.99,0,131.60000000000002,0.0,10
1590,0305-0681,120/70b21 68h tl/tt commander iii,parts canada/power twins,482.95,0,313.92,0.0,9
1606,0305-0817,90/90b18 51h road classic fron,parts canada/power twins,485.95,0,315.87,0.0,11
1690,0306-0324,180/65b16 81h american elite m,parts canada/power twins,460.95,0,299.62,0.0,11
1694,0306-0415,mu85b-16 77h me888 marathon,parts canada/power twins,545.99,0,266.15000000000003,0.0,9
1698,0306-0421,160/70b17 79v me888 reinforced,parts canada/power twins,513.99,0,334.07000000000005,0.0,11
1728,0306-0595,mu85b16 77h conti legend www,parts canada/power twins,489.99,0,318.47,0.0,9
1730,0306-0606,120/70zr19 60w scorpion trail 2,parts canada/power twins,380.99,0,247.62,0.0,10
1741,0306-0644,140/90b16 77h av92 cobra,parts canada/power twins,585.99,0,253.48,0.0,9
1747,0306-0663,180/55b18 80h cruisetec rear,parts canada/power twins,576.95,0,375.02,0.0,11
1763,0306-0702,180/55b18 80h tl/tt commander,parts canada/power twins,577.95,0,375.6700000000001,0.0,11
1772,0306-0767,100/90-18 56v roadrider mkii f,parts canada/power twins,272.95,0,177.42,0.0,10
1790,0306-0793,130/70-18 63h battlax bt46 rea,parts canada/power twins,312.99,1,203.13,203.13,10
1800,0306-0835,4.00b18 64h road classic rear,parts canada/power twins,456.95,0,297.02,0.0,11
1806,0308-0001,mu85b16 77h d402 hd rear oe,parts canada/power twins,313.95,0,204.07,0.0,11
1810,0308-0006,160/70vb17 73v lasertec rear,parts canada/power twins,424.95,0,276.22,0.0,11
1932,0316-0271,110/80r19 59v tourance next (b,parts canada/power twins,297.99,0,193.67,0.0,11
1972,0316-0354,120/70r19 60v conti trail atta,parts canada/power twins,378.95,0,246.32,0.0,9
1984,0316-0362,90/90-21 54v tl/tt anakee adve,parts canada/power twins,345.99,0,224.87,0.0,11
1986,0316-0381,120/70zr19 60w road 5 trail fr,parts canada/power twins,433.99,0,282.07000000000005,0.0,10
2037,0317-0153,150/70r17 69v tourance next,parts canada/power twins,419.99,0,272.97,0.0,11
2061,0317-0222,170/60r17 72v tl/tt anakee 3 r,parts canada/power twins,414.99,4,269.72,1078.88,11
2074,0317-0244,4.00-18 64t tkc70 rear,parts canada/power twins,304.95,0,198.22,0.0,11
2115,0317-0354,170/60r17 72v scorpion trail 2,parts canada/power twins,453.99,0,295.07000000000005,0.0,10
2161,0317-0449,170/60zr17 72w conti trail att,parts canada/power twins,494.95,0,321.72,0.0,9
2182,0317-0498,140/80b18 70t trailmax mission,parts canada/power twins,320.99,0,208.62,0.0,11
2192,0317-0559,140/80r17 69s tkc70 rocks rear,parts canada/power twins,444.95,0,289.22,0.0,9
3175,0601-4843,"handlebar bro +8"" bk",parts canada/power twins,829.99,0,580.97,0.0,9
3646,076AF5107,givi windscreen sliding clear,thibault canada,279.99,0,195.99,0.0,10
4328,09-0916,"arai,regent-x,gunm/frost,lg",full bore,749.99,0,458.97,0.0,11
5805,10-08214,sr/f top rack assembly,zero moto internationalrcycles,300.0,0,180.0,0.0,9
6156,1017022/A,fork end lh assy,royal enfield,271.99,0,175.69,0.0,11
6187,1019700-266,substituted by 1024706-266,polaris,788.99,0,560.1800000000001,0.0,11
6472,1020-3851,pc-6 suz w/i sv650 03-06,parts canada/power twins,809.95,0,566.97,0.0,10
6473,1020-3898,pc-6 tri w/i t120 16-20,parts canada/power twins,809.95,0,566.97,0.0,10
6521,1023214-1617,"fender assembly, rear, cs blk",polaris,1185.99,0,842.05,0.0,11
6522,1023214-266,substituted by 1027326-266,polaris,1115.99,0,792.35,0.0,11
6560,1024443-2062,"weld-tank,fuel,ms,sprtblue/gx",polaris,2711.99,0,2169.59,0.0,11
6563,1024443-800,"weld-tank,fuel,ms,onyxblk",polaris,2711.99,0,2169.59,0.0,11
6570,1024706-2056,"asm-fender,frt,vr,slvqrtz/gx",polaris,1547.99,0,1238.39,0.0,9
6571,1024706-266,"asm-fender,frt,vr,blk",polaris,788.99,0,560.1800000000001,0.0,11
6572,1024706-800,"asm-fender,frt,vr,onyxblk",polaris,897.99,0,682.47,0.0,9
6590,1025271-866,"asm-fender,rr,onyx,blk,smk",polaris,1641.99,1,1165.81,1165.81,10
6594,1025320-866,"asm-fender,frt,onyx,blk,smk",polaris,1070.99,0,760.4000000000001,0.0,10
6603,1025508-675,"asm-tank,fuel,wht smk",polaris,2711.99,0,2169.59,0.0,11
6610,1026044-727,"asm-lid,saddlebag,lh,dpwtrmt",polaris,967.99,0,735.6700000000001,0.0,9
6616,1026492-2034,"asm-tank,fuel,onyx,blk,smk,gx",polaris,2711.99,0,2169.59,0.0,10
6623,1026918-2062,"weld-tank,fuel,ms,sprtblue/gx",polaris,2583.99,0,2067.19,0.0,10
6624,1026918-800,"weld-tank,fuel,ms,onyxblk",polaris,2583.99,0,2067.19,0.0,9
6627,1027326-2056,"asm-fender,rear,vrl,",polaris,1288.99,0,902.29,0.0,11
6628,1027326-266,"asm-fender,rear,vrl,blk",polaris,1115.99,0,792.35,0.0,10
6629,1027326-800,"asm-fender,rear,vrl,onyxblk",polaris,1288.99,0,902.29,0.0,9
7044,110-10121,140/80r17 69h tourance rear,parts canada/power twins,314.99,0,204.72000000000003,0.0,9
7809,11127723427,l-cylinder head cover,bmw,402.82,0,290.03,0.0,11
7893,11128549653,"cylinder head cover, asphalt",bmw,402.82,0,290.03,0.0,9
7948,11137708307,oil pan,bmw,495.0,0,360.0,0.0,9
10565,1206128-266,"asm-primary cover,cr blk",polaris,897.99,0,592.6700000000001,0.0,10
10832,12131542973,ignition coil,bmw,255.49,0,163.2,0.0,10
10839,12132346570,ignition coil,bmw,270.49,0,172.8,0.0,9
10887,12137924318,spark-plug shaft ignition co,bmw,255.49,0,163.2,0.0,11
11067,1224-0032,regina 525 zrp chain 120 links,parts canada/power twins,347.99,1,163.44500000000002,163.44500000000002,9
11070,1224-0041,regina 530 zrt chain 120 links,parts canada/power twins,278.99,0,181.32,0.0,11
11074,122489,"100/90-19,57v,battlax,adv,trail,",kimpex,293.99,0,130.51000000000002,0.0,9
11144,12311540516,set alternator with freewhee,bmw,860.49,0,619.2,0.0,10
11195,12319467618,voltage regulator,bmw,405.49,0,291.6,0.0,9
11242,1240058,extrusion gripper/de-icer,polaris,364.99,0,291.99,0.0,11
11290,12418559627,starter,bmw,480.49,0,326.4,0.0,10
11299,12419829398,set starter drive,bmw,275.49,0,198.0,0.0,10
11472,1262907-266,substituted by 1262907-458,polaris,544.99,0,381.49,0.0,11
11473,1262907-458,"asm-muffler,lwr,blk",polaris,544.99,0,381.49,0.0,11
11476,1262908-266,substituted by 1262908-458,polaris,544.99,0,381.49,0.0,11
11477,1262908-458,"asm-muffler,upr,blk",polaris,544.99,0,381.49,0.0,11
11480,1263055-922,"weld-shield,exh,frnt,lv,blk",polaris,513.99,0,308.27,0.0,9
11515,1263415-156,"weld-exh,shield,cat,chr",polaris,378.99,0,208.44,0.0,10
11520,1263453-156,"asm-muffler,upr,chr",polaris,544.99,0,381.49,0.0,10
11533,1263501-266,substituted by 1263501-458,polaris,273.99,0,219.19,0.0,9
11534,1263501-458,"weld-shield,exh,frnt,v,lv,blk",polaris,273.99,0,219.19,0.0,9
11536,1263503-458,"weld-shield,exh,rr,up,v,l,blk",polaris,273.99,0,219.19,0.0,11
11891,1310-2266,shock 412 triumph 12.5,parts canada/power twins,547.99,1,383.5700000000001,383.5700000000001,9
11892,1310-2269,shock 412 tri 12.5 hd,parts canada/power twins,547.99,0,383.5700000000001,0.0,9
12297,132708,did 525zvmx-124l g/g s/street,thibault canada,343.99,0,223.59,0.0,11
12335,132893,boot t3s yth bk/yl/rd 7,parts canada/power twins,259.99,0,194.96,0.0,11
12536,1343400,130/70-18 63h sport demon rear,parts canada/power twins,341.99,0,222.27,0.0,10
13770,147-1002,750lb cross bar alum. ramp 122,moto international,381.99,0,255.93,0.0,9
13880,14811231A,horizontal head camshaft,ducati,941.99,0,753.27,0.0,10
13909,148721,"fuel tank, painted, ice queen",royal enfield,624.99,1,406.0,406.0,10
13939,15-1061,170/60-17 heid k60 scout,fullbore marketing ltd.,309.95,0,172.47,0.0,11
14772,1601-0510,shift sensor pc-v dual,parts canada/power twins,459.95,0,321.97,0.0,10
15016,16117685458,filler cap,bmw,310.0,0,223.2,0.0,11
15063,16118394060,tank lid,bmw,630.49,0,453.6,0.0,10
15198,16141600132,fuel level sensor,bmw,395.0,0,284.4,0.0,11
15288,16147724843,fuel pump unit without lever,bmw,1060.0,0,763.2,0.0,10
15319,16148564596,fuel pump assy,bmw,1060.49,0,763.2,0.0,11
15322,16149444766,fuel pump unit with lever se,bmw,1120.49,0,806.4000000000001,0.0,9
15543,165637,yix30l-bs-pw w/acid pack,parts canada/power twins,274.95,0,192.46,0.0,11
15857,17111600196,radiator,bmw,800.0,0,576.0,0.0,9
15917,17118525108,radiator fan,bmw,530.0,0,381.6,0.0,9
15920,17118525833,radiator,bmw,885.49,0,637.2,0.0,9
16166,1750044/B,aluminium pannier silver,royal enfield,930.99,6,733.63,4401.78,10
16182,1760097/D,"compact engine guard,",royal enfield,258.99,2,161.0,322.0,10
16475,1801-1231,"15-20 scout twin slash 3"" so b",parts canada/power twins,734.99,0,372.9,0.0,10
16488,1802-0333,"4"" black end cap (pr)",parts canada/power twins,289.99,0,202.97000000000003,0.0,10
16492,1802-0342,"4"" machined end cap slot blk",parts canada/power twins,374.99,0,262.47,0.0,9
16506,18090003,r18 rockbob front fender,wunderlich,1251.38,0,1088.16,0.0,10
16626,1811-3136,"4"" mufflers indian chrm w/blk",parts canada/power twins,1044.99,0,752.36,0.0,10
16647,1811-3399,17-20 scout slip-ons fish/t ch,parts canada/power twins,744.99,0,349.99,0.0,9
16663,1811-3710,2019 r1250rt slip-on ti/cf,parts canada/power twins,1839.95,0,1379.96,0.0,10
16711,18112345851,f650 downpipe,bmw,420.0,0,285.6,0.0,9
16757,1812-0228,14-20 mon 821/1200 ti link pipe,parts canada/power twins,314.95,0,236.21,0.0,9
16770,1812-0400,19-22 s1000rr opt header ss,parts canada/power twins,1744.95,0,1308.71,0.0,10
17151,18518555689,rear muffler,bmw,1430.49,0,900.9,0.0,10
17163,18518562191,"exhaust manifold, chrome-pla",bmw,2890.0,0,2080.8,0.0,9
17276,18700114,"r18 rockbob saddle, brown leather",wunderlich,1877.11,0,1632.27,0.0,10
17278,18710003,r18 rockbob rear fender,wunderlich,1820.95,0,1627.34,0.0,10
17363,19020111A,clutch disc set,ducati,381.49,0,209.64,0.0,9
17368,19020161A,clutch disc set,ducati,407.99,0,224.26,0.0,11
17677,1990401,"bar end mirror kit,",royal enfield,349.99,0,231.0,0.0,10
17689,1990454,"touring mirror kit,",royal enfield,335.99,0,224.0,0.0,10
18225,2040-2694,light bagz smklens indian,parts canada/power twins,284.99,0,199.47000000000003,0.0,9
18705,21212332974,pressure plate,bmw,300.0,0,190.4,0.0,11
18733,21212345597,diaphr:sprg,bmw,300.0,0,216.0,0.0,11
18738,21217666246,clutch housing,bmw,795.0,0,513.4,0.0,11
18745,21217670455,clutch plate d=180 mm,bmw,375.0,0,220.8,0.0,11
18806,21217700413,lamellar package,bmw,589.99,0,347.82000000000005,0.0,11
18858,21218414017,clutch,bmw,1773.99,0,1117.36,0.0,11
19041,214Z2474,%wsvstreammid lt tintf700gs,thibault canada,459.99,0,321.99,0.0,10
19096,21522333455,clutch vent pipe,bmw,300.49,0,216.0,0.0,11
19175,216524,s-100 cleaner 100 liter drum,parts canada/power twins,1339.99,0,870.97,0.0,10
19246,22-0116,170/60-17 anla capra-x,fullbore marketing ltd.,284.9,0,136.61,0.0,11
19412,2210-0362,speedo-multi meter tnt wh,parts canada/power twins,269.99,0,187.57,0.0,10
19520,226252,120/70b19 60t fr.trailmax miss,thibault canada,260.99,0,169.64,0.0,10
19525,226258,170/60b17 72t rr.trailmax miss,thibault canada,381.99,0,248.29,0.0,10
21034,24-08451,touring seat,zero moto internationalrcycles,540.0,0,325.0,0.0,11
21404,2415173,"switchcrl,3row,lh,500k",polaris,583.99,0,437.99,0.0,11
21534,24220452A,generator cover,ducati,776.99,0,621.36,0.0,11
21965,24828395830,drive belt for cvt,bmw,385.49,0,277.2,0.0,11
22229,25120026B,water pump rotor,ducati,260.49,0,208.28,0.0,9
22376,255435,110/90-16 59v battlax bt46 fr,thibault canada,295.99,0,192.39,0.0,10
22455,258301,100/90-16 54h t/l battlax bt46,thibault canada,251.99,0,120.15,0.0,9
22463,258541,120/80-17 61h t/l battlax bt46,thibault canada,271.99,0,176.79000000000002,0.0,9
22472,25911002,evo1 vario footrest rest set,wunderlich,295.03,0,256.07,0.0,9
22749,2635146,tour lock kit assembly,polaris,256.99,0,154.19,0.0,11
22777,26420471A,generator denso,ducati,890.49,0,623.24,0.0,11
22805,267003,120/70zr19 60w fr. mutant dunl,thibault canada,292.99,0,190.44,0.0,9
22808,267006,170/60zr17 72w rr. mutant dunl,thibault canada,335.99,0,218.39,0.0,9
23365,27040011A,starting moto internationalr,ducati,796.49,0,557.28,0.0,9
23587,27727678299,"belt wheel, rear",bmw,685.49,0,438.4,0.0,10
23750,2811-0646,pants missile v3 a bb 46,parts canada/power twins,649.99,0,487.46,0.0,10
23753,2811-0665,pants missile v3 bk 46,parts canada/power twins,649.99,0,487.46,0.0,10
23754,2811-0666,pants missile v3 bk 48,parts canada/power twins,649.99,0,487.46,0.0,10
24086,286065303,mw denton jkt-m,polaris,619.99,0,402.99,0.0,11
24101,286065806,ww zoe jkt-l,polaris,359.99,1,233.99,233.99,9
24103,286065812,ww zoe jkt-2xl,polaris,359.99,1,233.99,233.99,9
24128,286073803,ww idaho waxed jkt-m,polaris,449.99,2,292.49,584.98,9
24595,286170009,"mens moc toe boot br, 9",polaris,299.99,2,194.99,389.98,9
24597,286170011,"mens moc toe boot br, 11",polaris,299.99,2,194.99,389.98,9
24598,286170012,"mens moc toe boot br, 12",polaris,299.99,2,194.99,389.98,9
24608,286170308,"mens lace up boot bk, 8",polaris,299.99,1,194.99,194.99,9
24609,286170309,"mens lace up boot bk, 9",polaris,299.99,2,194.99,389.98,9
24610,286170310,"mens lace up boot bk, 10",polaris,299.99,2,194.99,389.98,9
24612,286170312,"mens lace up boot bk, 12",polaris,299.99,2,194.99,389.98,9
24613,286170313,"mens lace up boot bk, 13",polaris,299.99,2,194.99,389.98,9
24763,286273903,"wmns lindy vest bk, m",polaris,259.99,4,168.99,675.96,9
24766,286273912,"wmns lindy vest bk, 2xl",polaris,259.99,4,168.99,675.96,9
24901,286280709,"modular matte helmet bk, xl",polaris,389.99,3,253.49,760.47,9
24918,286283702,mw black hills jkt ce blk s,polaris,339.99,1,220.99,220.99,9
24919,286283703,mw black hills jkt ce blk m,polaris,339.99,1,220.99,220.99,9
24920,286283706,mw black hills jkt ce blk l,polaris,339.99,1,220.99,220.99,9
24921,286283709,mw black hills jkt ce blk xl,polaris,339.99,1,220.99,220.99,9
24922,286283712,mw black hills jkt ce blk 2xl,polaris,339.99,1,220.99,220.99,9
24923,286283802,ww black hills jkt ce blk s,polaris,339.99,1,220.99,220.99,9
24926,286283809,ww black hills jkt ce blk xl,polaris,339.99,1,220.99,220.99,9
24927,286283812,ww black hills jkt ce blk 2xl,polaris,339.99,1,220.99,220.99,9
24931,286284309,mw beckman jkt 2 ce blk xl,polaris,559.99,1,363.99,363.99,9
24933,286284314,mw beckman jkt 2 ce blk 3xl,polaris,559.99,1,363.99,363.99,9
24945,28628463232,mw riding jean ce blk 32 x 32,polaris,284.99,2,185.24,370.48,9
24946,28628463432,mw riding jean ce blk 34 x 32,polaris,284.99,2,185.24,370.48,9
24947,28628463434,mw riding jean ce blk 34 x 34,polaris,284.99,1,185.24,185.24,9
24948,28628463632,mw riding jean ce blk 36 x 32,polaris,284.99,2,185.24,370.48,9
24949,28628463634,mw riding jean ce blk 36 x 34,polaris,284.99,1,185.24,185.24,9
24950,28628463832,mw riding jean ce blk 38 x 32,polaris,284.99,2,185.24,370.48,9
24968,286285309,ww riding legging blk xl,polaris,299.99,2,194.99,389.98,9
24969,286285312,ww riding legging blk 2xl,polaris,299.99,2,194.99,389.98,9
24970,286285314,ww riding legging blk 3xl,polaris,299.99,1,194.99,194.99,9
25141,286295302,gloss stripe hlmt ece sil s,polaris,359.99,1,233.99,233.99,9
25142,286295303,gloss stripe hlmt ece sil m,polaris,359.99,1,233.99,233.99,9
25143,286295306,gloss stripe hlmt ece sil l,polaris,359.99,1,233.99,233.99,9
25144,286295309,gloss stripe hlmt ece sil xl,polaris,359.99,1,233.99,233.99,9
25748,2879542-06,"kit-backrest,rider,tan/studs",polaris,554.99,0,388.49,0.0,10
25758,2879577-01,"kit-bag,windshield,blk",polaris,259.99,1,181.99,181.99,10
25771,2879666-06,"kit-pad,backrest,pass,desert t",polaris,384.99,0,269.49,0.0,9
25795,2880068,3 point seat belt kit,polaris,307.99,0,215.59,0.0,11
25796,2880069,"kit-seatbelt,3 pt front sp",polaris,307.99,0,215.59,0.0,11
25831,2880234-01,"kit-saddlebags,n,blk",polaris,1349.99,4,944.99,3779.96,11
25837,2880239-626,"kit-controls,rr,n,blk",polaris,259.99,5,181.99,909.95,9
25838,2880239-650,"kit-controls,rr,n,ti slv",polaris,259.99,3,181.99,545.97,11
25860,2880654-156,"kit-airbox,indn,50 st,pac,chr",polaris,705.99,3,493.7000000000001,1481.1,10
25965,2881790-463,"k-shock-rear,scout,acc,mblk",polaris,1284.99,2,899.49,1798.98,11
25967,2881796,windshield touring  kit,polaris,474.99,0,356.24,0.0,9
26010,2882563-02,"kit-seat,heated,1pc,ind,blk",polaris,1219.99,0,853.99,0.0,10
26016,2882853-LNA,"k-seat,pass,sc,w/backrest,brn",polaris,619.99,10,433.99,4339.9,10
26017,2882853-VBA,"k-seat,pass,sc,w/backrest,blkv",polaris,579.99,9,405.99,3653.91,11
26052,2883449-266,"k-hndlbar,mid-ape,blk",polaris,489.99,0,342.99,0.0,10
26056,2883500-FBA,"k-sidebag,msgr,blk",polaris,389.99,0,272.99,0.0,11
26114,2883900,"k-cowl,seat w/pad",polaris,534.99,0,374.49,0.0,9
26220,2884226-VNA,"k-seat,driver,comf,brown",polaris,389.99,9,226.09,2034.81,10
26287,2884677,k-wind deflector mount,polaris,259.99,5,181.99,909.95,11
26294,2884708-266,"k-light,driving,led,blk",polaris,294.99,4,206.49,825.96,9
26297,2884711-266,"k-light,mnt,chftn,blk",polaris,294.99,2,206.49,412.98,11
26302,2884721-156,"k-exh tip,slash,chr",polaris,424.99,0,297.49,0.0,10
26310,2884775-266,"k-fog light,blk",polaris,409.99,2,286.99,573.98,9
26312,2884801-VBA,"k-backrest,bagr,pass,vinyl",polaris,254.99,4,178.49,713.96,10
26322,2884899-266,"k-mount,driving light,3.5 ,blk",polaris,279.99,2,195.99,391.98,11
26342,2884996-266,"k-hdlt,adapt,5 ,h4,blk",polaris,704.99,3,493.49,1480.47,10
26348,2885004-156,"k-rack,solo,chr",polaris,424.99,1,297.49,297.49,10
26367,2885172,"k-seat,elite",polaris,359.99,0,251.99,0.0,11
26393,2889301-156,"k-handlebar,redrch,v,chr",polaris,269.99,0,188.99,0.0,11
26394,2889301-266,"k-handlebar,redrch,v,blk",polaris,279.99,1,195.99,195.99,11
26409,2889385-VBB,"k-seat,synsolo,blkvyl",polaris,324.99,3,227.49,682.47,10
26422,2889605-156,"k-base,trunk,chr",polaris,519.99,1,363.99,363.99,11
26428,2889609-869,"k-trunk,slvqtzmet",polaris,2319.99,0,1623.9899999999998,0.0,11
26434,2889651-463,"k-fairing,qrtr,can,blksmk",polaris,679.99,0,475.99,0.0,9
26794,30121041AA,complete horizontal head,ducati,1666.49,0,1333.08,0.0,10
26821,3016-000-006-660,artemis pant 6 dark grey/black,klim,749.95,0,487.47,0.0,10
26829,3017-91,mt90b16 bw 74h d402 rear dunlo,parts canada/power twins,301.99,0,147.20000000000002,0.0,11
26950,3020-91,mt90b16 72h d402 hd front oe,parts canada/power twins,256.99,0,125.27,0.0,11
28677,31427726772,"fork brace, black, lower",bmw,530.49,0,381.6,0.0,9
30408,32727650777,"control assembly, brake, whi",bmw,675.49,0,486.0,0.0,9
31154,330-0709,camshaft kit bolt (royal enfiel 650,royal enfield,279.99,1,105.53,105.53,10
32159,334963,jeans covert evo straig reg,kimpex,279.99,0,146.99,0.0,10
32330,33537728374,"spring strut, rear",bmw,1540.49,0,985.6,0.0,11
32847,3411-0613,boot t3s yth bk/yl/rd 7,parts canada/power twins,259.99,0,194.96,0.0,11
32906,34111522AA,steering head,ducati,335.49,0,234.68,0.0,10
33098,34117711427,brake disc,bmw,440.0,0,218.4,0.0,10
33208,34118556253,brake caliper left gold,bmw,1230.0,0,836.4,0.0,9
33209,34118556253,brake caliper left gold,bmw,1230.0,0,836.4,0.0,9
33210,34118556253,brake caliper left gold,bmw,1230.0,0,836.4,0.0,9
33214,34118556254,brake caliper right gold,bmw,1230.0,0,836.4,0.0,9
33215,34118556254,brake caliper right gold,bmw,1230.0,0,836.4,0.0,9
33216,34118556254,brake caliper right gold,bmw,1230.0,0,836.4,0.0,9
33488,34220891AA,steering head base,ducati,377.99,0,264.51,0.0,10
33966,34517710736,pressure modulator,bmw,2110.49,0,1603.6,0.0,11
34148,34912831A,complete right slider,ducati,1127.99,0,789.4100000000001,0.0,11
34188,34914991A,stanchion tube,ducati,497.99,0,348.26,0.0,11
34240,34921941A,front fork overhaul set,ducati,302.99,0,211.81,0.0,9
34453,3515-0131,convertible pet carrier &,parts canada/power twins,335.95,0,218.37,0.0,10
34560,35218569755,"footbrake lever, adjustable",bmw,259.49,0,166.07,0.0,11
34644,354021,mitas dakar e 07,kimpex,353.99,0,167.39,0.0,11
35037,357070,170/60b17 72q tractionator gps,kimpex,489.99,0,217.04,0.0,10
35229,36010451B,handlebar,ducati,341.99,0,273.36,0.0,11
36141,36317704344,sonnengelb front wheel,bmw,1580.49,0,1121.8,0.0,11
36144,36317704680,"front wheel, dark slate",bmw,1670.49,0,1185.7,0.0,11
36219,36318389055,black front wheel,bmw,1720.49,0,1221.2,0.0,11
36300,36318556328,front wheel,bmw,1730.49,0,1245.6,0.0,9
36558,37010346A,swing arm,ducati,2868.99,0,2294.89,0.0,11
37082,3807-0060,"optimate cable, o-01 100pk",parts canada/power twins,840.95,0,546.6200000000001,0.0,9
37114,3807-0263,optimate 3 x 4 bank,parts canada/power twins,350.99,3,198.46,595.38,10
37118,3807-0266,optimate lithium 4 bank,parts canada/power twins,350.99,0,193.35,0.0,10
37167,3807-0574,optimate 2 duo x4 bank,parts canada/power twins,390.99,1,216.0,216.0,9
37678,3914-001-130-605,avalon jacket md vivid asphalt,klim,479.95,0,311.97,0.0,11
37682,3914-001-140-612,avalon jacket lg  monument,klim,479.95,0,311.97,0.0,11
37824,397174,helm horizon skid bk/ye hvs l,kimpex,279.99,2,149.54000000000002,299.08000000000004,11
38254,4015220,substituted by 4016189,polaris,814.99,0,611.24,0.0,11
38255,4015234,substituted by 4016189,polaris,814.99,0,611.24,0.0,11
38263,4015586,substituted by 4017283,polaris,608.99,0,365.39,0.0,11
38309,4019661,"regulator-volt,ixys diode,blk",polaris,410.99,0,287.69,0.0,10
38555,40610346A,dashboard,ducati,1073.49,0,751.22,0.0,11
38817,40870002,chain maintenance set,thibault canada,309.99,0,216.99,0.0,10
38818,40870003,moto internationalrcycle chain maintenance,thibault canada,339.99,0,237.99,0.0,10
39191,4161015360,schuberth c5 gloss white md,schuberth,1011.15,0,585.0,0.0,10
39209,4166216360,c5 dot concrete grey 59 (l),schuberth,1011.15,0,606.69,0.0,10
39212,4167115360,matte black c5 med,schuberth,1011.15,0,606.69,0.0,9
39225,4169056360,c5 dot master blue 59 (l),schuberth,1146.15,0,687.69,0.0,9
39828,4261624,120/70zr17 diablo rosso 3,thibault canada,291.99,0,189.79,0.0,11
39832,4261641,"180/55zr17,(73w),rosso,4",thibault canada,393.99,1,165.27,165.27,9
39879,4262115,120/70-17 pirelli supercorsa v3 front,thibault canada,400.99,0,260.64,0.0,9
39882,4262121,200/55zr17 tl (78w)v3 sp diabl,thibault canada,671.99,0,436.79,0.0,9
39929,4264227,150/80b16 m/c rein tl 77h nigh,thibault canada,361.99,0,185.55,0.0,9
39935,4264311,130/90-16 tl 67h night dragon fr,thibault canada,327.99,0,213.19,0.0,9
39936,4264316,130/90-16 m/c 73h tl dragon fr,thibault canada,341.99,0,222.29,0.0,11
39939,4264403,100/90-18 tl 65h phantom sport,thibault canada,275.99,0,139.92000000000002,0.0,11
39970,4264926,120/70r19 m/c (60v) tl scorpio,thibault canada,354.99,0,152.09,0.0,11
39979,4264939,170/60r17 m/c (72v) tl scorpio,thibault canada,442.99,0,192.15,0.0,9
40733,4402-0854,packtalk bold jbl single,parts canada/power twins,459.99,0,211.22,0.0,11
40734,4402-0854,packtalk bold jbl single,parts canada/power twins,459.95,0,211.22,0.0,11
40743,4402-0898,50r low profile system,parts canada/power twins,484.99,0,339.26,0.0,10
40748,4402-0908,freecom 4x - single,parts canada/power twins,363.99,0,254.77,0.0,11
40759,4402-0940,packtalk edge - duo,parts canada/power twins,944.95,0,661.47,0.0,9
41030,4449145360,e1 tuareg yellow 57 md,schuberth,974.49,0,545.22,0.0,9
41545,4566016360,c4 glossy silver l,schuberth,999.0,0,702.5699999999999,0.0,11
41583,4568246360,c4 pro carbon tempest yellow 59,schuberth,1174.49,0,666.1600000000001,0.0,11
41598,4568326360,c4 pro carbon avio red l,schuberth,1174.49,0,666.1600000000001,0.0,11
42034,46517691333,f650 frame,bmw,460.0,0,368.0,0.0,9
42083,46518521844,rear frame,bmw,1630.49,0,1304.0,0.0,9
42587,46545A097C1,luggage grid,bmw,399.49,0,271.39,0.0,10
42708,46547695986,set case holder,bmw,375.49,0,255.17,0.0,11
42795,46547728663,"case, left without painted p",bmw,591.99,0,378.66,0.0,9
42826,46548394452,"back pad, topcase",bmw,570.49,0,410.4,0.0,10
42838,46548414477,"softbag, left",bmw,1046.99,0,670.06,0.0,11
42920,46548549364,"inner pocket, touring topcas",bmw,292.99,0,187.47000000000003,0.0,9
42925,46548553901,"trim cover for case lid, lef",bmw,650.49,0,494.0,0.0,9
42949,46549897984,lock right,bmw,300.0,0,219.0,0.0,9
43134,46618556224,light white fender r1250r,bmw,335.0,0,254.6,0.0,9
43149,46621542262,rear wheel cover,bmw,280.49,0,201.6,0.0,10
43464,46631540816,engine spoiler stainless ste,bmw,452.99,0,321.5,0.0,9
43466,46631541816,storage compartment with,bmw,1770.49,0,1274.4,0.0,11
43469,46631542520,side cover right,bmw,480.49,0,364.8,0.0,9
43827,46637664393,windscreen,bmw,475.49,0,304.0,0.0,9
43859,46637670507,fairing bracket,bmw,1650.49,0,1188.0,0.0,11
44142,46637694988,front panel carrier,bmw,405.0,0,277.2,0.0,9
44436,46637727003,f700gs racing red front lh,bmw,600.0,0,456.0,0.0,10
44493,46638382816,radiator cowl stainless stee,bmw,550.49,0,396.0,0.0,9
44521,46638392880,"windshield, high",bmw,400.49,0,256.0,0.0,10
44557,46638409172,headlight panel imperial blue,bmw,545.0,0,414.2,0.0,9
44839,46638548073,"trim upper section, left",bmw,270.49,0,205.2,0.0,9
45064,46639467643,cover storage compartment,bmw,375.49,0,270.0,0.0,11
45079,46639480891,"front panel carrier, left",bmw,465.49,0,334.8,0.0,10
45511,46818409128,rh fuel panel light white,bmw,945.0,0,718.2,0.0,9
45590,47011811AB,frame black,ducati,4874.49,0,3899.45,0.0,11
45591,47011891AT,frame,ducati,4712.99,0,3770.29,0.0,11
45617,470Z2981AA,frame,ducati,2581.99,0,2065.33,0.0,10
45775,47111851CA,frame,ducati,2606.49,0,2084.83,0.0,11
45960,48012493AA,upper half-fairing r.h. red,ducati,804.49,0,562.96,0.0,11
45961,48012493BA,upper half-fairing l.h. red,ducati,804.49,0,562.96,0.0,11
45975,48012912AG,"cover, radiator, lh",ducati,359.49,0,287.3,0.0,11
46035,48017562AA,right upper fairing red,ducati,871.99,0,610.04,0.0,10
46168,48120414AA,complete headlight fairing,ducati,950.49,0,665.31,0.0,11
46201,481P1182AA,complete headlight fairing,ducati,1161.99,0,813.37,0.0,10
46221,48211631AG,"cover , frame lh",ducati,500.99,0,400.72,0.0,11
46487,49241111A,rear brake disc,ducati,339.49,0,186.6,0.0,11
47002,50122231AA,front wheel rim,ducati,1463.99,0,1171.11,0.0,10
47007,50122551AB,front wheel rim,ducati,2132.49,0,1705.7599999999998,0.0,11
47205,50222011AA,rear wheel rim,ducati,1631.99,0,1305.2,0.0,10
47208,50222311AB,rear wheel rim,ducati,2013.99,0,1611.0,0.0,11
48678,51257698141,ignition lock with switch,bmw,260.0,0,208.0,0.0,11
48706,51258540948,set uniform locking system,bmw,560.49,0,392.0,0.0,10
49111,515-1105,150/70b17tl 69h k76,moto international,310.99,0,202.14,0.0,9
49112,515-1105,150/70b17tl 69h k76,moto international,310.99,0,202.14,0.0,11
49268,52010155A,headlight,ducati,910.99,0,728.41,0.0,11
49285,52010554A,headlight,ducati,900.49,0,720.22,0.0,11
49400,52320101AT,"mirror, left glossy black",ducati,277.49,0,194.17,0.0,11
49477,523S0533C,rear-view mirror r.h.,ducati,373.99,0,261.74,0.0,10
49501,523S0655A,rear-view mirror r.h.,ducati,407.99,0,285.3,0.0,9
49819,52538544792,"driver's seat, black, high,",bmw,1050.49,0,672.0,0.0,9
49844,52538562135,low-profile bench seat,bmw,570.49,0,376.2000000000001,0.0,10
49848,52538564838,low-profile bench seat,bmw,790.49,0,505.6,0.0,11
49975,5262569,180/60r16 reinf tl 80h me888,thibault canada,574.99,0,373.74,0.0,9
49978,5262581,180/70r16 77v tl me888 oe triu,thibault canada,578.99,0,291.01,0.0,10
50005,5262678,150/80r16 m/c 71v tl me888 fr.,thibault canada,524.99,0,264.65000000000003,0.0,10
50096,5264425,150/70r18 mc/tl 70v tourance n,thibault canada,401.99,1,261.29,261.29,10
50786,5454540-266,"airbox bezel, cruiser black",polaris,256.99,0,182.46,0.0,9
50793,5454594-727,"fairing-front,nvyblu",polaris,1256.99,0,892.46,0.0,9
50820,5455392-675,"bin-trunk,ind,pwhtsmk",polaris,1153.99,0,865.49,0.0,9
50841,5456261-675,"lid,trunk,al rack,whtsmk",polaris,1782.99,0,1355.07,0.0,9
50848,5456385-1888,"asm-saddlebag,clsc,lh,",polaris,1564.99,0,1173.74,0.0,11
50923,54812611B,water cooler,ducati,947.99,0,663.36,0.0,11
50924,54812612B,radiatore acqua 1803,ducati,947.99,0,663.36,0.0,11
50928,54840192A,water cooler,ducati,2484.49,0,1987.49,0.0,9
51014,55010051B,electric fan,ducati,260.99,0,182.42,0.0,11
51679,55611131AA,side stand,ducati,281.99,0,197.33,0.0,11
52052,56410293BA,front fender red,ducati,275.99,0,192.96,0.0,11
52053,56410293BT,"front fender, black",ducati,275.99,0,192.96,0.0,11
52187,566-11860,kobra hguard,moto international,307.99,0,221.75,0.0,9
52225,566-14504,crashbar bmw r1250 gs / r / rs,moto international,599.99,0,431.99,0.0,9
52264,566-15026,"mss.11.953.10100/b.skidplate,",moto international,622.99,0,448.55,0.0,11
52443,57015182C,horizontal exhaust pipe,ducati,307.99,0,246.39,0.0,11
52650,57315071B,silencer,ducati,2132.49,0,1705.7599999999998,0.0,11
52651,57315071C,muffler,ducati,2132.49,0,1705.7699999999998,0.0,11
52652,57315072C,silencer,ducati,2132.49,0,1705.7699999999998,0.0,11
53279,58610441CW,fuel tank orange/black strip,ducati,2705.49,0,2164.29,0.0,11
53294,58612061AW,tank white,ducati,3649.99,0,2919.7,0.0,10
53295,58612221BD,fuel tank,ducati,2308.99,0,1846.96,0.0,10
53316,58613044AA,fuel tank,ducati,2606.49,0,2084.83,0.0,11
54187,6000003,re nacs ii - dol tool,royal enfield,1938.99,0,1260.0,0.0,11
54301,6030-002-042-604,carlsbad pant 42 cool gray,klim,679.95,0,441.97,0.0,10
55078,61317650281,left combination switch,bmw,437.21,0,299.66,0.0,10
55294,61318522460,combination switch right,bmw,344.49,0,213.45,0.0,10
55307,61318529352,combination switch right,bmw,344.49,0,213.45,0.0,10
55317,61318529381,combination switch left,bmw,526.49,0,326.25,0.0,10
55398,61318550037,combi switch left,bmw,890.68,0,641.29,0.0,11
55763,61911701A,cpu-rear caliper line,ducati,318.49,0,175.15,0.0,9
55908,62111691260,instrument cluster,bmw,950.0,0,684.0,0.0,9
55973,62118535810,instrument cluster,bmw,1510.49,0,1147.6,0.0,9
56129,625.3,drill bit m3 =7/64,wurth,304.7,0,3.048000000000002,0.0,10
56139,6251715,120/70 r 19 60v tl tkc70 m+s,thibault canada,361.99,0,235.29,0.0,9
56298,6264203,150/80-16 71h fr.avon cobra ch,thibault canada,445.99,0,190.12,0.0,10
56689,63128523990,bulb xenon light,bmw,405.49,0,259.20000000000005,0.0,10
56710,63128545636,high beam,bmw,465.49,0,334.8,0.0,10
57540,6502844,exo-st1400 gloss black carbon,thibault canada,629.99,0,472.49,0.0,10
57595,65127106140,control unit for audio syste,bmw,1130.49,0,858.8,0.0,9
58094,66-14459,crash bar-bmw f750-850gs(18),fullbore marketing ltd.,326.95,0,273.56,0.0,9
58178,66127108669,"keyless ride radio-op.key, f",bmw,250.49,0,200.0,0.0,9
58434,67620571A,final drive kit,ducati,370.49,0,203.59,0.0,10
58436,67620591A,final drive kit,ducati,421.99,0,231.85,0.0,10
58479,67621041A,final drive kit,ducati,374.49,0,205.87,0.0,10
58481,67621051A,final drive kit,ducati,466.49,0,256.46000000000004,0.0,10
58492,67621301A,final drive kit,ducati,333.99,0,183.54,0.0,11
58534,67641032A,chain regina 530 136 zrpb2 x108,ducati,347.49,0,190.99,0.0,9
59536,7062220,bell bullit carbon mat blk xl,bell sports inc,899.99,0,469.77,0.0,10
59645,7092434,srt m mat blk s,bell sports inc,479.95,0,256.1,0.0,11
59649,7092438,srt m mat blk xxl,bell sports inc,479.95,0,256.1,0.0,9
59848,7112230,"eliminator,vanish,mt,bk/rd,l",bell sports inc,549.99,0,290.37,0.0,10
61566,7136376,"mx-9,adv,mips,dalton,blk/blu,lg",bell sports inc,319.99,0,160.05,0.0,9
61579,7136686,"mx-9,adv,mips,matteblk,xl",bell sports inc,299.99,0,154.72,0.0,9
61581,7136697,"mx-9,adv,mips,mrdr,m/g,blkout,lg",bell sports inc,339.99,0,176.06,0.0,11
61839,71602412380,atacama soft top case duffel,bmw,425.0,0,276.25,0.0,11
62477,71608523399,"tool, service kit 1200",bmw,272.1,0,185.03000000000003,0.0,11
64698,7526709154,ladakh 3l d-dry pants blk/blk,thibault canada,579.99,0,434.99,0.0,11
64700,7527525136,denim blast regular tex pants,thibault canada,299.99,0,224.99,0.0,10
64708,7536707146,ladakh 3l d-dry lady pants bla,thibault canada,579.99,0,434.99,0.0,11
64797,75620131A,hub,ducati,942.99,0,754.1800000000001,0.0,10
64978,76118395199,jacket gs dry men's gray,bmw,302.99,0,230.17,0.0,10
65274,76127922579,purerider pant 36/34,bmw,420.77,0,252.46,0.0,10
65481,76128568089,jacket airshell 50 mens,bmw,660.99,0,396.34,0.0,11
65545,76129899252,pants 'rider' for men,bmw,301.99,0,205.35,0.0,11
65562,76138395213,jacket gs dry ladies' gray,bmw,299.99,0,227.88,0.0,10
65621,76138547147,"airflow women's jacket, blac",bmw,298.49,0,226.83,0.0,11
66065,76221541336,"boots, cruisecomfort 42",bmw,379.49,0,246.35,0.0,11
66094,76227922714,venture grip gtx brown 39,bmw,334.49,0,187.1,0.0,11
66095,76227922715,venture drip gtx 40,bmw,544.08,0,326.45000000000005,0.0,10
66167,76228523100,boots sonora gtx black,bmw,449.49,0,269.4,0.0,10
66513,76317105196,helmet sys 7 evo carbon ece,bmw,993.99,0,645.9100000000001,0.0,10
66514,76317105210,helmet sys 7 evo carbon ece,bmw,999.49,0,649.35,0.0,10
66515,76317105223,helmet sys 7 evo carbon ece,bmw,1089.49,0,707.85,0.0,11
66549,76317922465,helmet gs pure desert 55 sm,bmw,850.13,0,442.07,0.0,9
66768,76319899494,helmet 7 carbon moto international,bmw,1086.49,0,738.8,0.0,10
67341,76629446486,jacket 2-in-1 m sport unisex,bmw,298.99,0,152.24,0.0,9
67741,77-13113,rf-1400 white m,moto international,799.99,0,575.99,0.0,10
67747,77-13202,rf-1400 prologue tc-10 s,moto international,939.99,0,676.79,0.0,11
67752,77-13543,rf-1400 accolade tc-10 m,moto international,939.99,0,676.79,0.0,9
68089,77145A5A553,engine protection bar black,bmw,334.99,0,227.46,0.0,9
68091,77145A5A554,engine protection bar black,bmw,334.99,0,227.46,0.0,9
68811,77348533898,cover panel for tank hump,bmw,434.99,0,295.78,0.0,11
68901,77405A3C587,side bag urban collection sm,bmw,289.99,0,185.51,0.0,9
68965,77415A14875,set volume expansion,bmw,421.49,0,286.61,0.0,10
69038,77418563761,"soft luggage, left",bmw,633.99,0,405.62,0.0,9
69039,77418563762,"soft luggage, right",bmw,633.99,0,405.62,0.0,9
69082,77419832024,touring case right,bmw,743.49,0,475.8,0.0,9
69088,77419898413,touring case left,bmw,646.49,0,413.72,0.0,10
69090,77419898414,touring case right,bmw,646.49,0,413.72,0.0,10
69160,77438527849,topcase,bmw,739.99,0,473.31,0.0,11
69161,77438527850,topcase,bmw,739.99,0,473.31,0.0,11
69186,77438555738,touring topcase,bmw,1807.49,0,1156.75,0.0,9
69200,77438569672,variotop case,bmw,879.49,0,562.87,0.0,9
69201,77438569672,variotop case,bmw,879.49,0,562.87,0.0,9
69212,77439829379,top case 30 l,bmw,546.99,0,349.87,0.0,10
69230,77448396356,luggage grid,bmw,284.99,0,193.76,0.0,9
69280,77452449425,tank-top bag,bmw,252.49,0,161.3,0.0,9
69306,77452466686,tank-top bag,bmw,280.49,0,179.21,0.0,9
69363,77492463726,rear pocket,bmw,477.49,0,305.56,0.0,11
69373,77495A3C3D0,rear bag urban collection la,bmw,418.99,0,267.85,0.0,9
70908,800100,tire changer with left arm hel,thibault canada,2649.99,0,2649.99,0.0,10
70953,800200,wheel balancer with,thibault canada,2649.99,0,2649.99,0.0,10
70959,800600,moto internationalrcycle table 24'x84' blk 1,thibault canada,1199.99,0,1199.99,0.0,10
71327,819Z0021B,rear wheel spindle,ducati,1184.99,0,947.65,0.0,10
71529,82411703AB,rear l.h. plate,ducati,359.99,0,251.73,0.0,11
71683,82929433A,headlight holder gold,ducati,462.99,0,370.03,0.0,11
71769,830465,helmet signet-x diamond wh xl,kimpex,1009.99,1,643.87,643.87,11
71777,830523,helmet signet-x pearl bk m ara,kimpex,989.99,0,603.94,0.0,9
71994,83300401792,getriebeaufnahme,bmw,529.49,0,439.29,0.0,10
72265,83305A1FD97,engine mounting,bmw,302.99,0,251.27,0.0,9
72267,83305A24474,adapter scherenheber,bmw,285.49,0,236.83,0.0,9
72272,83305A64813,drilling template,bmw,763.99,0,633.96,0.0,10
72275,83305A68857,werkzeug,bmw,1846.99,0,1532.9,0.0,10
74677,889450115,wurth box 0962 330 043,ducati,722.49,0,649.82,0.0,9
74697,890022,crank case box assy- d1,royal enfield,1615.99,0,1050.0,0.0,11
75153,920-0145,big bore kit 865cc (royal enfield 650,royal enfield,1099.99,1,399.9500000000001,399.9500000000001,10
76136,95-1511,anakee wild 120/70r19,moto international,305.99,0,173.05,0.0,9
76138,95-1512,anakee wild 170/60r17,moto international,415.99,0,213.65,0.0,9
76245,950202,525zvmxx110 g/g super x ring,parts canada/power twins,311.99,0,155.27,0.0,9
76246,950203,525zvmxx120 g/g super x ring,parts canada/power twins,339.99,0,169.39,0.0,9
76455,96280411B,footpeg set in xdvl central po,ducati,1329.49,0,930.6,0.0,9
76479,96280911AA,lowered suspension kit v20e,ducati,353.99,0,247.54,0.0,11
76606,96480933A,complete racing exhaust,ducati,3858.99,0,2701.22,0.0,9
76612,96480961A,racing complete exhaust,ducati,3495.99,0,2447.05,0.0,9
76774,96680573A,set of heated grips m-fit,ducati,465.99,0,302.71000000000004,0.0,9
76905,96780091A,side buffer - ms,ducati,376.49,0,263.24,0.0,11
76919,96780241A,pill.rider seat soft bag kit 1,ducati,270.99,0,108.33,0.0,11
76951,96780521A,set of internal bags for side,ducati,265.99,0,186.05,0.0,10
76968,96780655A,ms1200 side panniers set - no,ducati,1239.49,0,867.61,0.0,11
77084,96781851AA,set protezioni laterali 1900,ducati,896.99,0,717.5,0.0,9
77237,96880661A,lowered seat 1504 pp,ducati,297.99,0,208.36,0.0,9
77460,97180061A,oversized windscreen kit - hym,ducati,250.49,0,100.0,0.0,11
77501,97180461A,touring 1312 windscreen,ducati,278.49,0,194.69,0.0,11
77656,97381031AA,lateral protection set rizoma,ducati,252.99,0,177.02,0.0,11
77673,97381951AA,set paracoppa 1900,ducati,640.99,0,448.44,0.0,9
77676,97388,tkc 80 110/80b19,parts canada/power twins,349.95,0,170.6,0.0,10
77761,97780131AA,kit serbatoio secondario 1900,ducati,2325.49,0,1860.38,0.0,9
77863,97980831C,enduro 1508/1817/v20e pack,ducati,2097.49,0,1468.0899999999997,0.0,11
77883,97981121aa,xdiavel nera colour set - red,ducati,2958.0,0,2958.0,0.0,9
77885,97981201AA,pack offroad,ducati,1927.99,0,1349.59,0.0,9
78132,981029748,2pcs leather suit corse c2,ducati,1369.49,0,752.95,0.0,9
78202,981036825,helmet dark rider v2 dot/ece l,ducati,439.49,0,241.45,0.0,10
78361,981070754,jacket fighter c1 54,ducati,649.49,0,356.95,0.0,11
78406,981071338,fabric jacket speed air c2 xxx,ducati,329.49,0,230.3,0.0,11
78452,981072954,jacket speed evo c2 perf. 54,ducati,849.49,0,594.3,0.0,10
78453,981073152,leather trousers company c4,ducati,639.49,0,447.3,0.0,11
78499,981077045,jacket outdoor c3 man l,ducati,449.49,0,314.3,0.0,9
78500,981077154,helmet d.corse power ece 22-06,ducati,1199.49,0,899.25,0.0,11
78502,981077204,helmet xdiavel ece m,ducati,2999.95,0,2249.96,0.0,9
78503,981077245,back protector comp. 3 wave,ducati,259.49,0,194.25,0.0,10
80084,A2307151,"grabrack, kit",triumph,405.99,0,263.25,0.0,11
80092,A2308986,heated rider seat,triumph,435.99,0,282.75,0.0,11
80237,A9501308,"top box, 46l",triumph,465.99,0,302.25,0.0,10
80238,A9501309,"top box, 52l",triumph,465.99,0,302.25,0.0,9
80404,A9510553,"tail pack, qr",triumph,285.99,2,185.25,370.5,11
80471,A9518171,magnetic tank bag spts,triumph,260.99,1,169.0,169.0,11
80643,A9600673,silencer street scrambler,triumph,1240.99,0,620.0,0.0,9
80931,A9631556,heated grip kit,triumph,445.99,3,289.25,867.75,9
81075,A9640208,fox rsu pair long,savage cycles,1020.99,0,729.29,0.0,9
81076,A9640208,fox rsu pair long,triumph,1120.99,0,662.99,0.0,9
81153,A9700379,roadster screen kit,triumph,670.99,1,435.5,435.5,9
81177,A9700610,heated rider se,triumph,625.99,0,406.25,0.0,11
81208,A9700891,"seat,dual,low,kit",triumph,265.99,0,172.25,0.0,10
81209,A9700904,"pass seat,tour",triumph,280.99,0,182.0,0.0,10
81262,A9701459,"rid seat,low he",triumph,310.99,6,201.5,1209.0,11
81267,A9701522-PM,flyscreen kit,triumph,315.99,0,204.75,0.0,9
81269,A9701541,"seat, rider, lo",triumph,320.99,5,208.0,1040.0,11
81977,A9750803,passenger backrest kit,triumph,365.99,1,237.25,237.25,9
82100,A9759192,grabrail mount kit,triumph,255.99,1,165.75,165.75,9
82101,A9759193,uprights kit backrest chr,triumph,350.99,1,227.5,227.5,9
82103,A9759201,rack kit chrome,triumph,290.99,3,188.5,565.5,9
82142,A9770249,foot control ki,triumph,655.99,0,425.75,0.0,11
82147,A9770383,centre stand,triumph,330.99,1,214.5,214.5,10
82394,A9838094,"fog lamps, led",triumph,485.99,1,315.25,315.25,11
82549,AD1LA001,ga-d1- engine complete,royal enfield,4307.99,0,2800.0,0.0,11
82567,AJ1LA002,j1 engine assy textured black-,royal enfield,2696.99,0,2073.88,0.0,9
82612,Aug-42,84-99 evo 42mm total carb kit,parts canada/power twins,935.99,1,542.02,542.02,11
82779,BLG-013-00-NP,bark busters,amazon canada,275.5,0,0.0,0.0,11
82956,CAP-ITCH,"cap,itch,heat,shield",captain itch,319.99,0,276.72,0.0,10
85771,DNL.WHS.11602,denali gen ii cansmarta contro,twisted throttle,349.49,0,227.17,0.0,9
87245,KAB00267/A,fr caliper p81 -anodized (no p,royal enfield,329.99,4,235.12,940.48,10
87246,KAB00268/A,rear caliper p81 -anodized (no,royal enfield,335.99,5,239.51,1197.55,10
87295,KLH00008/A,cylinder head & rocker,royal enfield,469.99,0,293.45000000000005,0.0,9
87296,KLH00017/A,"cylinder head assembly, fins m",royal enfield,372.99,0,310.72,0.0,9
89429,MBTA22801-10,corozol bts-10,triumph,419.99,0,272.96000000000004,0.0,11
89430,MBTA22801-11,corozol bts-11,triumph,419.99,0,272.96000000000004,0.0,11
89431,MBTA22801-12,corozol bts-12,triumph,419.99,0,272.96000000000004,0.0,11
89436,MBTA22803-10.5,smx 6vd bts-10.5,triumph,369.99,0,240.46,0.0,11
89437,MBTA22803-11.5,smx 6vd bts-11.5,triumph,369.99,0,240.46,0.0,11
89438,MBTA22803-12,smx 6vd bts-12,triumph,369.99,0,240.46,0.0,11
89440,MBTA22803-9,smx 6vd bts-9,triumph,369.99,0,240.46,0.0,11
89612,MDJS20200-30R,rokker jean,triumph,449.99,1,292.49,292.49,11
89884,MGVS18122-XXL,malvern glove,triumph,251.99,0,176.38,0.0,10
90052,MIT24030,170/60-17 e-07+ dakar,maverick distributing,310.45,0,156.45999999999998,0.0,9
90169,MLES2202-M,t sport jkt-m,triumph,700.99,0,455.0,0.0,11
90172,MLES2202-XXL,t sport jkt-xxl,triumph,700.99,0,455.0,0.0,11
90185,MLES22107-L,lds brad air-l,triumph,639.99,1,415.99,415.99,11
90187,MLES22107-S,lds brad air-s,triumph,639.99,1,415.99,415.99,11
90211,MLES23800-L,ac lthr jkt-l,triumph,649.99,0,422.49,0.0,11
90212,MLES23800-XL,ac lthr jkt-xl,triumph,649.99,0,422.49,0.0,11
90213,MLES23800-XXL,ac lthr jkt-xxl,triumph,649.99,0,422.49,0.0,11
90279,MLHS19E30-L,vance jacket,triumph,574.99,1,373.75,373.75,11
90280,MLHS19E30-M,vance jacket,triumph,574.99,0,230.0,0.0,11
90293,MLHS21101-XXL,braddan xxl,triumph,665.99,0,432.26,0.0,10
90306,MLJS20531-30,triple jean,triumph,550.99,1,220.0,220.0,10
90312,MLJS2201-36,tsport pant-36,triumph,570.99,0,370.5,0.0,11
90315,MLJS2204-32,triple pant-32,triumph,570.99,0,370.5,0.0,9
90363,MLLS21105-S,braddan ls jkt,triumph,639.99,0,415.99,0.0,9
92131,N81-16XDiavel,xdiavel frame sliders,t-rex racing,340.94,0,252.55,0.0,9
92637,RAK00234/A,fuel tank with sticker j1d - y,royal enfield,478.99,0,290.0,0.0,9
92661,RAM00186/A,instrument cluster,royal enfield,313.99,0,241.18,0.0,9
92662,RAM00225/C,instrument cluster mph (with,royal enfield,289.99,0,186.97000000000003,0.0,9
92702,RAVG2116,elect.balancer g2.116r 120v/1/,thibault canada,4999.99,0,4999.99,0.0,10
93247,T1127035,"piston assy, 84",triumph,787.99,0,511.75,0.0,9
94070,T1261005,cam cover,triumph,605.99,0,121.01999999999998,0.0,11
94159,T1266016,"cover, clutch,",triumph,293.99,0,190.55,0.0,11
94162,T1267018,"assy, cover, cl",triumph,282.99,0,183.37,0.0,10
94444,T2001140,"wheel, front, a",triumph,987.99,0,641.7,0.0,11
94625,T2017243,chain and sproc,triumph,312.99,0,203.36,0.0,11
94811,T2021395,"caliper assy, l",triumph,828.99,0,538.38,0.0,11
94857,T2022080,"disc,front,floating",triumph,340.99,1,109.34,109.34,9
95358,T2042372,"stanchion assy,",triumph,1077.99,0,700.14,0.0,10
95372,T2042542,"fork leg assy,",triumph,809.99,0,525.87,0.0,11
95373,T2042543,"fork leg assy,",triumph,809.99,0,525.87,0.0,11
95413,T2043096,"yoke assy, lowe",triumph,311.99,0,202.4,0.0,11
95414,T2043103,"stanchion assy,",triumph,1289.99,0,838.1600000000001,0.0,11
95748,T2048903,"yoke assy, lowe",triumph,422.99,0,274.36,0.0,10
95785,T2049772,"switchcube, lh,",triumph,355.99,0,231.1,0.0,11
95873,T2054443,rear suspension,triumph,1302.99,0,846.47,0.0,11
95904,T2057764,"rsu, tes, elect",triumph,1558.99,0,1012.87,0.0,9
96021,T2071680,"spares kit, dre",triumph,536.99,0,348.64,0.0,9
96057,T2075241,"cradle assy, lh",triumph,306.99,0,199.2,0.0,10
96071,T2079501,"frame assy, spa",triumph,5802.99,0,3771.62,0.0,11
96749,T2106301,radiator assy,triumph,767.99,0,498.72,0.0,11
96918,T2202615,"headerassy,rhs",triumph,515.99,0,335.02,0.0,9
96929,T2202835,"headerassy,lhs",triumph,515.99,0,335.02,0.0,9
96959,T2203385,"silencer, assy,",triumph,1382.99,0,898.77,0.0,10
97346,T2301959-PG,"rh fairing, jet",triumph,1004.99,0,652.9000000000001,0.0,9
97452,T2303392-CX,"panel,tank, rhs",triumph,326.99,0,212.38,0.0,11
97466,T2303681,"mudguard, front",triumph,528.99,0,343.81,0.0,11
97513,T2304365,comfort gel sea,triumph,484.99,0,314.8,0.0,10
97633,T2305676,"mudguard, front",triumph,298.99,0,193.79,0.0,11
97640,T2305717,"support, mudgua",triumph,391.99,0,254.61,0.0,11
97672,T2306055-PG,"sidepanel,lh,pa",triumph,367.99,0,239.08,0.0,10
97952,T2308712-PG,"cowl,seat,pntd+pads,jet black",triumph,367.99,0,239.08,0.0,10
98053,T2309419-MH,"rear m/guard, a",triumph,345.99,0,224.44,0.0,11
98063,T2309537-PG,"sidepanel, rh,",triumph,367.99,0,239.08,0.0,11
98119,T2310122,"seat, rider, co",triumph,374.99,1,243.24,243.24,11
98129,T2310563,"rider seat, ass",triumph,322.99,0,209.74,0.0,11
98136,T2310752,"seat, assembly",triumph,387.99,0,251.56,0.0,10
98141,T2311330,"screen,moulding",triumph,468.99,0,304.6,0.0,10
98150,T2311930-PM,"tankendpanel,",triumph,326.99,0,212.38,0.0,11
98152,T2311931-PM,"tankendpanel,",triumph,326.99,0,212.38,0.0,11
98157,T2312814,"seat, rider, lo",triumph,367.99,0,239.15,0.0,9
98196,T2319125,"screen, mldg, c",triumph,450.99,0,293.0,0.0,10
98407,T2401629-PG,"fuel tank,pntd+",triumph,1835.99,0,1192.8,0.0,11
98420,T2401901-MH,"spares kit,fuel",triumph,1690.99,0,1098.63,0.0,10
98438,T2402300-PG,"fuel tank,sprs,",triumph,1835.99,0,1192.8,0.0,11
98491,T2403507-MP,fuel tank cover,triumph,560.99,0,364.1,0.0,11
98502,T2405290-MH,"fuel tank,pntd+",triumph,2221.99,0,1443.9199999999996,0.0,9
98504,T2405331-NW,"fuel tank,pntd+",triumph,2221.99,0,1443.9199999999996,0.0,9
98505,T2405331-PR,"fuel tank,pntd+",triumph,2221.99,0,1443.9199999999996,0.0,9
98508,T2405421-AA,"fuel tank,pntd+",triumph,2511.99,0,1632.2699999999998,0.0,9
98509,T2405421-PG,"fuel tank,pntd+",triumph,1835.99,0,1192.8,0.0,10
98752,T2503101,instrument assy,triumph,992.99,0,645.4300000000001,0.0,10
98764,T2503330,lockset,triumph,601.99,0,391.17,0.0,10
98777,T2503982,"instruments, mp",triumph,1113.99,0,723.8299999999999,0.0,10
98791,T2504519,switch assembly,triumph,301.99,0,196.28000000000003,0.0,9
98852,T2508040,inertial measurement unit,triumph,463.99,0,301.11,0.0,9
99118,T2701923,"headlamp unit,",triumph,289.99,0,187.96,0.0,10
99129,T2702028,"lamp, rear",triumph,276.99,0,179.67000000000002,0.0,10
100483,T3880072,"charger, batter",triumph,880.99,2,880.69,1761.38,9
100648,T3990145,"gasket kit,full",triumph,586.99,0,381.09,0.0,11
100649,T3990146,"gasket kit,head",triumph,502.99,0,326.94,0.0,11
100650,T3990147,"gasket kit,full",triumph,569.99,0,370.16,0.0,11
100651,T3990148,"gasket kit,head",triumph,476.99,0,309.85,0.0,11
101285,bmcylinder381,master cylinder r90,eurotech moto internationalrsports,635.0,0,0.0,0.0,11
101318,t2048903,"yoke assy, lower",savage cycles,392.99,0,267.69,0.0,10
