,Part Number,Supplier Name,Description,Quantity,Price,Total Cost,Margin %,Months No Sale
275,11115-20E70-AM,action motorcycles / barnes,"guide,valve",2.0,49.99,62.32,37.66753351,73
533,23160-05A03-AM,action motorcycles / barnes,"cylinder, clutch",1.0,143.5,90.82,36.71080139,73
642,38301-MEG-000,action motorcycles / barnes,flasher relay,1.0,59.99,47.47,20.87014502,54
643,38301-MET-000,action motorcycles / barnes,flasher relay,-1.0,59.99,47.47,20.87014502,54
1037,DBY-10199-00-00,action motorcycles / barnes,"vrx,mnt/wir,grz,kod,700",1.0,149.99,132.91,11.38742583,27
1326,BS819B,bayside performance,"rizoma,bar,end,adapter",2.0,44.99,74.88,16.781507,32
1355,7072358,bell sports inc,"mx-9,adv,shld,clear,pinlock",6.0,99.99,386.22,35.62356236,23
1361,7081498,bell sports inc,clickrelease clear pinlock,2.0,59.99,83.94,30.03833972,12
1392,7095596,bell sports inc,srt blackout mt/gls blk s,1.0,289.95,176.06,39.27918607,12
1394,7095600,bell sports inc,srt blackout mt/gls blk xxl,2.0,289.95,352.12,39.27918607,18
1450,7120594,bell sports inc,"brzer,innr,shld,drk,sil,irdm",1.0,39.99,24.62,38.43460865,28
15324,51167713993,bmw,mirror,1.0,56.99,40.68,28.61905597,14
26153,269685-BIM,british imports motorcycles,bar end carbend cf ch oxford,1.0,61.99,43.39,30.00483949,59
26154,269686-BIM,british imports motorcycles,bar end carbend cf rd oxford,2.0,61.99,86.78,30.00483949,59
26155,269699-BIM,british imports motorcycles,bar end carbend cf gol,1.0,61.99,43.39,30.00483949,36
26179,59-2010-BIM,british imports motorcycles,xtreme chrome teardrop,1.0,45.99,28.51,38.00826267,59
26237,T2202084-BIM,british imports motorcycles,heat shield,1.0,73.99,47.71,35.51831329,59
26242,T2308151-BIM,british imports motorcycles,"handguard, mldg, rh",1.0,34.99,22.74,35.01000286,59
26247,T2700526-BIM,british imports motorcycles,"rear light unit, sae",1.0,139.99,90.99,35.00250018,59
26248,T2702660-BIM,british imports motorcycles,light assy,1.0,131.99,85.49,35.22994166,59
26480,USP35RW,bumper to bumper,"ustart,35,12v,640cca",1.0,235.98,169.97,27.97270955,23
28277,11710882A,ducati,"rod, gear shift link",2.0,28.99,44.28,23.62883753,45
28337,14010662A,ducati,intake manifold,1.0,192.99,131.58,31.82030157,45
28345,14823421B,ducati,horizontal intake camshaft,1.0,1022.99,797.94,21.99923753,45
28346,14823441B,ducati,horizontal exhaust camshaft,1.0,1022.99,797.94,21.99923753,45
28391,176Z0021A,ducati,idle gear t74/13,1.0,194.99,118.48,39.23790964,51
28455,20810321A,ducati,open. rocker arm,4.0,263.99,821.52,22.20159855,45
28462,20910501A,ducati,closing rocker arm left,2.0,364.99,569.62,21.96772514,45
28466,21010781A,ducati,intake valve,1.0,128.99,100.2,22.31955966,45
28536,24712871B,ducati,"cover cylinder head,",1.0,213.99,145.93,31.80522454,45
28573,247P5861A,ducati,"cover, oil element",1.0,76.99,52.15,32.26393038,45
28649,30310401BA,ducati,exhaust valve guide +0.03 mm,2.0,246.99,384.04,22.25596178,45
28650,30310411C,ducati,"guide-valve, intake",2.0,37.99,59.0,22.34798631,45
28723,34911481A,ducati,"seal, dust front fork",1.0,40.99,27.66,32.52012686,45
28733,34912631A,ducati,"seal set, front fork",2.0,104.99,143.16,31.82207829,45
28737,34913221A,ducati,"seal oil, fork",4.0,46.99,126.32,32.79421153,45
28739,34913511A,ducati,seal kit,2.0,154.99,210.5,32.09239306,63
28759,34920491A,ducati,"seal set, front fork",2.0,79.99,108.8,31.99149894,45
28773,34921401A,ducati,seal kit,4.0,121.99,331.08,32.15017624,45
28777,34921771A,ducati,seal kit,2.5,181.99,280.925,38.25484917,45
28781,34921881A,ducati,seal kit,2.0,84.99,115.74,31.90963643,45
28789,34922141A,ducati,seal kit,2.0,59.99,81.02,32.47207868,45
28792,34922441A,ducati,seal kit,3.0,43.99,89.19,32.41645829,45
28804,36010902B,ducati,handlebar,1.0,350.99,239.61,31.73309781,72
29012,42520011A,ducati,filter,12.0,74.99,693.72,22.9097213,45
29022,42540151A,ducati,"filter, fuel",6.0,47.99,223.08,22.52552615,45
29135,43819932AB,ducati,ita flag sticker ducati lh,1.0,21.99,14.59,33.65165985,45
29191,45110461A,ducati,tensioner roller pin,2.0,34.99,54.12,22.66361818,45
29271,46012711C,ducati,"guard, knuckle, lh",1.0,248.99,169.99,31.72818185,72
29307,4601C302AA,ducati,"guard, knuckle, rh",2.0,96.99,132.26,31.81771317,47
29372,46410541B,ducati,left footrest,1.0,121.99,82.66,32.24034757,63
29373,46410551A,ducati,left footrest,4.0,56.99,155.56,31.75995789,88
29374,46410561A,ducati,right footrest,1.0,56.99,38.89,31.75995789,60
29601,48420741A,ducati,air intake left,2.0,67.99,105.1,22.70922194,45
29724,51025101A,ducati,kit protection can filter cabl,1.0,33.99,25.93,23.71285672,52
29786,52320391B,ducati,rear-view mirror r.h.,1.0,308.99,240.58,22.13987508,61
29796,52320431D,ducati,rear-view mirror r.h.,1.0,144.99,101.26,30.16070074,86
29841,52510431E,ducati,"lamp, license plate",1.0,60.99,41.32,32.25118872,45
29915,53910236B,ducati,"switch, stand",1.0,93.99,63.88,32.03532291,82
29927,53940031C,ducati,"switch, stop",1.0,44.99,30.25,32.76283619,45
29950,53940581A,ducati,microinterr. 110.4418.30 bremb,1.0,54.99,37.09,32.55137298,45
29959,54040111C,ducati,voltage regulator,1.0,198.99,135.48,31.91617669,60
30005,55213181D,ducati,detector,2.0,79.99,124.8,21.99024878,45
30009,55213333A,ducati,holder,1.0,239.99,163.34,31.93883078,45
30028,55241311A,ducati,air temp.sensor 1098s/07,1.0,64.99,44.23,31.9433759,45
30322,59210221E,ducati,fuel level gauge,1.0,142.99,111.39,22.09944751,53
30394,59810173B,ducati,key with transponder 868 mhz a,2.0,235.99,368.06,22.01788211,45
30403,59810356A,ducati,key 868 mhz zadi reset lasi no,1.0,145.99,113.72,22.10425372,51
30470,59840161A,ducati,"key, blank w/transmitter",1.0,56.99,45.33,20.45972978,41
30475,59840311B,ducati,key with transponder passive,1.0,83.99,66.83,20.43100369,71
30476,59840321A,ducati,wrench with transponder,1.0,79.99,54.5,31.86648331,45
30502,61041891A,ducati,piston spare part front,4.0,25.99,78.36,24.62485571,45
30503,61041941A,ducati,brembo clutch floating piston,3.0,38.99,100.95,13.69581944,45
30513,61240052A,ducati,dust cover,14.0,24.99,235.9,32.57302921,45
30685,63140171A,ducati,clutch lever,3.0,175.99,320.91,39.21813739,71
30692,63140511A,ducati,"lever, front brake",1.0,211.99,144.77,31.70904288,45
30701,63210852A,ducati,clutch oil hose,2.0,63.99,98.54,23.00359431,45
30710,65010071C,ducati,switch,1.0,91.99,62.62,31.92738341,45
30719,65010243C,ducati,right switch,1.0,157.99,107.48,31.97037787,48
30755,65520011A,ducati,starter control,1.0,111.99,76.37,31.80641129,41
30759,65520051A,ducati,starter control,1.0,106.99,83.0,22.42265632,41
30762,65520062A,ducati,starter control,1.0,90.99,61.83,32.04747774,41
30766,65610142D,ducati,throttle opening cable,1.0,61.99,48.17,22.29391837,41
30769,65610152D,ducati,throttle closing cable,1.0,61.99,48.17,22.29391837,41
30771,65610183A,ducati,throttle cable,1.0,74.99,58.14,22.46966262,41
30783,65620723B,ducati,cables unit,1.0,47.99,37.05,22.79641592,41
30797,66020031E,ducati,throttle control,2.0,143.99,180.6,37.28731162,45
30802,66020071D,ducati,throttle control,1.0,229.99,183.98,20.00521762,45
30870,67110591D,ducati,"spark plug cable, vertical hea",1.0,79.99,63.34,20.81510189,45
31016,69912101A,ducati,pannier locks kit,1.0,205.99,140.53,31.77824166,52
31059,69927011A,ducati,right mirror,1.0,141.99,96.73,31.87548419,84
31101,70010691A,ducati,vibration damper,2.0,20.99,28.06,33.15864697,45
31103,70011141A,ducati,silent-block man.025x10 l=39 s,1.0,24.99,16.79,32.81312525,41
31108,70090551A,ducati,"absorber, hub shock",5.0,38.99,131.65,32.46986407,45
31121,70140471A,ducati,"clutch, one way",1.0,108.99,85.02,21.99284338,63
31167,71011451A,ducati,bush,2.0,20.99,29.82,28.96617437,51
31215,71314601A,ducati,right driving mirror holder,1.0,38.99,30.09,22.82636573,45
31216,71314611A,ducati,left driving mirror holder,1.0,38.99,30.09,22.82636573,45
31226,71319901A,ducati,shim th. 0.3,4.0,39.99,97.32,39.15978995,65
31296,72392520,ducati,"adjuster, rocker arm 4.00 mm",2.0,22.99,36.6,20.40017399,85
31572,76410771A,ducati,mirror front rubber,4.0,23.99,63.12,34.22259275,45
31967,77910201A,ducati,filler,2.0,21.99,34.12,22.41928149,45
32127,78610485A,ducati,"gasket, cylinder head",2.0,115.99,157.96,31.9079231,45
32333,79920011A,ducati,"spring, outer",2.0,25.99,34.94,32.78183917,45
32334,79920881C,ducati,complete spring,1.0,25.99,17.11,34.1669873,45
32366,80011131A,ducati,water hose,1.0,31.99,21.22,33.66677087,45
32379,80012362A,ducati,thermostat/pump hose,4.0,23.99,58.4,39.14130888,47
32387,80301,ducati,pad pins overhaul kit,1.0,23.99,15.37,35.93163818,45
32405,81420051A,ducati,"joint, water hose horizontal",2.0,47.99,74.12,22.77557825,45
32407,81440681A,ducati,quick fastening,1.0,35.99,24.35,32.34231731,45
32413,81820091A,ducati,push rod,2.0,23.99,32.5,32.2634431,45
32448,82113581A,ducati,pin,1.0,22.99,17.59,23.48847325,45
32451,82113971A,ducati,pin,5.0,37.99,145.95,23.16399052,41
32557,8291E222A,ducati,support plate top case,1.0,80.99,54.71,32.44845043,45
32572,83012801A,ducati,bracket fuel tank left,1.0,20.99,13.72,34.63554073,41
32577,83015181A,ducati,left driving mirror holder,1.0,70.99,48.25,32.03268066,45
32589,83019881AA,ducati,bracket bottom l.h.,1.0,108.99,74.4,31.73685659,68
32703,84540051B,ducati,half cone,8.0,40.99,249.76,23.83508173,45
33375,89420113B,ducati,mesh filter assembly,1.0,89.99,69.49,22.78030892,45
33514,96180511AA,ducati,clutch reserv. ducatibyrizoma,1.0,120.99,93.97,22.33242417,45
33524,96180581AA,ducati,brake reserv. ducatibyrizoma,1.0,120.99,93.97,22.33242417,45
33530,96180671A,ducati,m-fit brake lever prot. adapte,1.0,57.99,44.71,22.90050009,45
33655,96481182A,ducati,complete racing exhaust,1.0,3884.99,2652.83,31.71591175,48
33730,96680342A,ducati,heated handgrip unit mts1200,1.0,483.99,330.52,31.70933284,79
33737,96680441A,ducati,usb power outlet extension - m,2.0,181.99,230.08,36.78773559,45
33739,96680452B,ducati,heated handgrip set ms1200,1.0,453.99,287.64,36.64177625,45
33746,96680541A,ducati,high intensity led turn indica,1.0,233.99,147.76,36.85200222,69
33852,96780281A,ducati,"tanklock"" flange kit - ms",1.0,35.99,24.42,32.14781884,62
33874,96780621C,ducati,handlebar bag scr,1.0,111.99,75.87,32.25287972,56
33885,96780741A,ducati,set of soft side bag subframes,1.0,209.99,143.09,31.85865994,69
33889,96780771B,ducati,tank bag xdvl,1.0,384.99,262.7,31.76446141,58
33891,96780811A,ducati,liner set for aluminium pannie,1.0,274.99,187.36,31.86661333,45
33905,96781021A,ducati,set passenger rear handles,2.0,198.99,270.84,31.94632896,45
34018,96880451A,ducati,lowered seat - 20mm 1209,1.0,384.99,262.65,31.77744876,45
34019,96880461A,ducati,comfort rider seat 1209,1.0,384.99,269.21,30.0735084,61
34091,969A068AAA,ducati,ducati branded carbon fibre t-,8.0,43.99,226.48,35.64446465,76
34102,97080051A,ducati,double-sided rear stand,3.0,66.99,136.02,32.31825646,45
34135,97180321A,ducati,single-seater cover set 1405 r,1.0,412.99,281.51,31.83612194,45
34170,97380101B,ducati,radiator protection kit paniga,1.0,124.99,84.88,32.09056725,72
34210,97380681A,ducati,stand base  plate 1306 for ms,2.0,101.99,128.76,36.87616433,45
34212,97380721A,ducati,demountable aluminium number,1.0,544.99,371.71,31.79507881,48
34236,97480071A,ducati,tank adhesive protection - scr,1.0,40.99,25.85,36.93583801,45
34260,97580071A,ducati,bike canvas 1312,1.0,251.99,171.77,31.83459661,67
42832,09-2034,full bore,"arai,corsair-x,frost/blk,sm",1.0,999.95,637.47,36.24981249,55
42870,09-4164,full bore,"arai,defiant-x,white,sm",1.0,935.99,572.8,38.80276499,29
42876,09-4186,full bore,"arai,defiant-x,outline/red,lg",1.0,1149.99,703.15,38.85599005,29
42878,09-4276,full bore,"arai,defiant-x,shelby/blk,lg",1.0,1149.99,703.15,38.85599005,29
42914,10-P03-1461,full bore,"xd4-shield anti-fog,tint",1.0,101.99,62.96,38.26845769,35
42918,10-P1070,full bore,vas-v pro shade system,1.0,134.99,94.46,30.02444626,23
43145,45-8926,full bore,"h-vest,women,wht,l",1.0,219.99,153.99,30.0013637,28
43146,45-8927,full bore,"h-vest,women,wht,xl",1.0,219.99,153.99,30.0013637,28
43266,66-12895,full bore,mirror extension - universal.,6.0,86.99,319.26,38.83204966,24
43274,66-13093,full bore,"quick-lock,evo,ducati",1.0,55.45,35.24,36.44724977,45
43311,66-14547,full bore,"s-stand,plate,tiger800,18+",2.0,84.99,116.56,31.42722673,48
43314,66-14613,full bore,"ion,footrest,xtz700",1.0,169.99,119.48,29.71351256,24
43915,38379LS-XXL,fundy textile and design ltd,"sportgrey,ind,script,red,black-xxl",1.0,34.99,21.92,37.35352958,15
44102,01-04249,gamma sal warranty industrial alliance pacifices inc.,shinko 804 big block 90/90-21,1.0,104.99,68.22,35.02238308,54
44146,34-08010,gamma sal warranty industrial alliance pacifices inc.,"mc,pivot,base,w/stud",3.0,49.99,101.79,32.12642529,28
44152,34-08101,gamma sal warranty industrial alliance pacifices inc.,"ram,dbl,socket,arm,for,1',bal",2.0,29.99,37.0,38.31277092,17
44159,34-08325,gamma sal warranty industrial alliance pacifices inc.,"ram,x-grip,large,phone,holder",1.0,59.99,38.97,35.0391732,12
44174,390-8102,gamma sal warranty industrial alliance pacifices inc.,"matrix,m1,tie-down,straps,blue",2.0,49.99,61.74,38.24764953,28
44175,390-8110,gamma sal warranty industrial alliance pacifices inc.,"matrix,m1,tie-down,straps,blk",2.0,49.99,61.74,38.24764953,50
44237,56-166,gamma sal warranty industrial alliance pacifices inc.,fork oil seal & dust seal kit,1.0,35.99,24.02,33.25923868,46
44308,HM601,gravity motorcycles (tripfella,hm601 dash cam w/screen,2.0,499.99,711.42,28.85657713,33
44938,10160,kimpex,yt7b-bs yuasa battery,2.0,154.99,219.64,29.14381573,39
45445,287538,kimpex,voltage regul/rectifier suz ki,1.0,134.99,87.74,35.00259278,34
45479,311137,kimpex,170/60r17 72v anakee adventure,1.0,494.99,321.74,35.00070708,14
45521,334756,kimpex,jeans icon ii straight reg men,1.0,209.99,146.99,30.00142864,15
45527,334786,kimpex,jeans onyx straight reg men,1.0,209.99,136.64,34.93023477,15
45528,334787,kimpex,jeans onyx straight reg men,1.0,209.99,136.64,34.93023477,15
45533,334816,kimpex,jeans trident ii straig reg me,1.0,209.99,136.64,34.93023477,15
45536,334833,kimpex,jeans ranger easy reg men bk 3,1.0,209.99,136.64,34.93023477,12
45540,334837,kimpex,jeans ranger easy reg men bk 4,1.0,209.99,136.64,34.93023477,15
45541,334881,kimpex,jeans eclipse slim reg wom bk,1.0,209.99,136.64,34.93023477,15
45543,334883,kimpex,jeans eclipse slim reg wom bk,1.0,209.99,136.64,34.93023477,15
45545,334885,kimpex,jeans eclipse slim reg wom bk,1.0,209.99,136.64,34.93023477,15
45547,334902,kimpex,jeans horizon straight reg,1.0,209.99,146.99,30.00142864,15
45548,334903,kimpex,jeans horizon straight reg,1.0,209.99,146.99,30.00142864,15
45561,334964,kimpex,jeans covert evo straig reg,1.0,279.99,195.99,30.00107147,15
45562,334965,kimpex,jeans covert evo straig reg,1.0,279.99,195.99,30.00107147,15
45564,334991,kimpex,jeans bobber ii skin reg men b,1.0,219.99,153.72,30.12409655,15
45565,334992,kimpex,jeans bobber ii skin reg men b,1.0,219.99,153.72,30.12409655,15
45566,334993,kimpex,jeans bobber ii skin reg men b,1.0,219.99,153.72,30.12409655,15
45567,334994,kimpex,jeans bobber ii skin reg men b,1.0,219.99,153.72,30.12409655,15
45568,334995,kimpex,jeans bobber ii skin reg men b,1.0,219.99,153.72,30.12409655,15
45583,354035,kimpex,100/90-19 57t e07 tl mitas tir,3.0,219.99,428.97,35.00159098,14
45683,364060,kimpex,tie down belt cam buckle bk qt,6.0,29.99,176.94,1.667222407,18
45685,368323,kimpex,tank bag aqua s8 bk oxford,1.0,117.99,82.59,30.00254259,12
45693,369398,kimpex,socket dual,1.0,66.99,46.89,30.00447828,84
45750,381136,kimpex,heated peak vest unisex bk 2xl,1.0,159.99,128.96,19.39496219,17
46027,830432,kimpex,helmet signet-x alu si s arai,1.0,1009.99,616.14,38.9954356,18
46029,830434,kimpex,helmet signet-x alu si l arai,1.0,1009.99,616.14,38.9954356,18
46031,830442,kimpex,helmet signet-x bk frost s ara,1.0,1009.99,616.14,38.9954356,14
46034,830445,kimpex,helmet signet-x bk frost xl ar,1.0,1009.99,616.14,38.9954356,14
46035,830462,kimpex,helmet signet-x diamond wh s a,1.0,1009.99,616.14,38.9954356,14
46042,830493,kimpex,helmet signet-x dyno wh frost,1.0,1199.99,732.05,38.99532496,12
46043,830494,kimpex,helmet signet-x dyno wh frost,1.0,1199.99,732.05,38.99532496,12
46047,830524,kimpex,helmet signet-x pearl bk l ara,1.0,989.99,603.94,38.99534339,14
46048,830525,kimpex,helmet signet-x pearl bk xl ar,1.0,989.99,603.94,38.99534339,14
46049,830526,kimpex,helmet signet-x pearl bk 2xl a,1.0,989.99,603.94,38.99534339,12
46050,830652,kimpex,helmet xd4 bk-frost s arai,1.0,889.99,542.93,38.99594377,14
48575,08-0517,motovan,optimate 1 duo 4 step 12v/12.8,1.0,60.99,39.64,35.00573865,30
49983,168-1180,motovan,speed twin 19-20 titanium slip,1.0,2114.99,1586.21,25.00153665,29
50822,250-1699,motovan,"tech-connect kit 7/8, 1 & 1-1/",1.0,99.99,63.64,36.35363536,22
51713,314-A3609,motovan,hfa3609 air filter 13780-20f00,1.0,31.99,20.77,35.07346046,29
52303,324-9896,motovan,jtr845.47 r sprocket yam,1.0,41.99,27.29,35.00833532,78
52927,361-0283,motovan,fa283 brake pads,3.0,44.99,89.97,33.34074239,57
52988,361-1380,motovan,"fa38 brk pads fr suzu gs550,75",1.0,46.99,30.07,36.0076612,88
53003,361-1476,motovan,fa147x blk disc pad dr650 90-9,1.0,49.99,30.07,39.84796959,88
54530,555-05067,motovan,rfx1 lthr black 3xl,1.0,339.99,209.43,38.40112944,28
54648,555-06475,motovan,wfx3 wp black xl,1.0,89.99,62.99,30.0033337,16
54666,555-06792,motovan,wfx city long gtx black s,1.0,179.99,125.99,30.00166676,20
54776,563-1030,motovan,carbon guards only - incl.,3.0,265.99,518.67,35.00131584,20
54789,563-1162,motovan,hware kit s7 sgl.pt. bar-end t,1.0,105.99,68.89,35.0033022,20
54856,566-14928,motovan,sidestand foot tiger 900/gt,2.0,122.99,177.1,28.00227661,13
59533,IMC-TEE-1-S,out of the blue,"imc,tee,gry,sm",1.0,25.99,17.15,34.01308195,36
59538,IMC-TEE-2-S,out of the blue,"imc,tee,white,sm",3.0,25.99,51.45,34.01308195,41
59541,IMC-TEE-3-L,out of the blue,"imc,long/sleeve,gry,lg",3.0,30.99,64.95,30.13875444,30
59544,IMC-TEE-3-XL,out of the blue,"imc,long/sleeve,gry,xl",4.0,30.99,86.6,30.13875444,32
59545,IMC-TEE-4-2XL,out of the blue,"imc,long/sleeve,white,2xl",1.0,30.99,24.65,20.45821233,36
59548,IMC-TEE-4-S,out of the blue,"imc,long/sleeve,white,sm",2.0,30.99,43.3,30.13875444,35
62745,0130-0866,parts canada/power twins,i10/i70 pp dk smk shld,1.0,54.99,35.72,35.04273504,18
62981,0302-0852,parts canada/power twins,190/55zr17 (75w) pilot road 4,2.0,482.99,627.84,35.00486553,23
63034,0302-1212,parts canada/power twins,180/60zr17 (75w) diablo rosso,2.0,391.99,509.54,35.00599505,38
63710,0363-0040,parts canada/power twins,stop n go mini air compressor,1.0,82.99,53.92,35.02831666,48
63836,0602-0654,parts canada/power twins,riser 1.25 up 1 bac elite,1.0,157.99,94.87,39.95189569,72
64332,12-505-29,parts canada/power twins,cr125/250/f450r 00-03 front #,1.0,47.99,31.17,35.04896854,37
64712,1624-0229,parts canada/power twins,longhorn offset peg mnt w/ 1-1,1.0,216.99,151.87,30.01059957,23
64827,1721-1009,parts canada/power twins,fa261/2hh double h series brak,1.0,76.99,46.21,39.97921808,15
64871,1802-0345,parts canada/power twins,"3.5"" machined end cap castle b",2.0,274.99,338.74,38.40866941,27
64872,1802-0346,parts canada/power twins,"3.5"" machined end cap castle c",1.0,274.99,169.375,38.40685116,27
64873,1802-0348,parts canada/power twins,"3.5"" machined end cap merge ch",1.0,274.99,169.37,38.40866941,23
64874,1802-0349,parts canada/power twins,"3.5"" machined end cap slot blk",1.0,274.99,169.37,38.40866941,28
64965,1811-3142,parts canada/power twins,"3.5"" mufflers indian scout chr",3.0,894.99,1933.08,28.00366485,28
64984,1811-3542,parts canada/power twins,"4"" mufflers indian blk/chr tip",1.0,1114.99,802.76,28.00294173,29
64988,1811-3546,parts canada/power twins,"4"" mufflers indian blk/chr slo",1.0,1184.99,853.16,28.00276796,29
64989,1811-3547,parts canada/power twins,"4"" mufflers indian blk/chr mer",1.0,1184.99,853.16,28.00276796,29
65004,1811-4069,parts canada/power twins,"4"" mufflers indian chr/blk mer",1.0,1119.99,806.36,28.0029286,29
65005,1811-4070,parts canada/power twins,"4"" mufflers indian chr/blk slo",1.0,1119.99,806.36,28.0029286,29
65076,1861-0570,parts canada/power twins,"2.5"" competition baffle f/twin",2.0,60.99,77.8,36.2190523,30
65161,2001-1827,parts canada/power twins,"headlgt ext block ind ""a""",1.0,50.99,30.73,39.73328104,26
65564,2702-0196,parts canada/power twins,guard d3o viper 2 back md,1.0,52.99,34.42,35.04434799,47
65745,2823-0154,parts canada/power twins,pant 4w daisy denim dk 32,1.0,249.99,174.97,30.00920037,74
65881,3040-2775,parts canada/power twins,shopshirt overlord blk lg,1.0,74.99,48.72,35.03133751,24
66258,3302-0699,parts canada/power twins,glove 4w sp-1v2 bk xs,1.0,229.99,160.97,30.01000043,28
66259,3302-0700,parts canada/power twins,glove 4w sp-1v2 bk s,1.0,229.99,160.97,30.01000043,28
66260,3302-0701,parts canada/power twins,glove 4w sp-1v2 bk m,1.0,229.99,160.97,30.01000043,28
66263,3302-0706,parts canada/power twins,glove 4w sp-1v2 bwr m,1.0,229.99,160.97,30.01000043,28
66563,3610-0037,parts canada/power twins,foam filter oil- 1 liter,4.0,29.99,77.88,35.07835945,26
67115,4402-0617,parts canada/power twins,packtalk line half helmet kit,2.0,61.99,86.74,30.03710276,12
67182,4505-0587,parts canada/power twins,winch mount,1.0,174.99,105.71,39.59083376,32
68255,BKR7EIX-11,parts canada/power twins,bkr7eix-11 iridium ix spark pl,7.0,21.99,99.89,35.10686676,29
68359,DS181228,parts canada/power twins,500x15 s/valve rubber t/tube,2.0,25.99,33.74,35.09041939,37
68379,FA261HH,parts canada/power twins,fa261hh double h series brake,2.0,76.99,92.42,39.97921808,15
68699,Y12N5.5A-3B,parts canada/power twins,12n5.5a-3b conventional 12 vol,1.0,62.99,40.27,36.06921734,27
68881,1023750-329,polaris,"brkt-clsout,fndr,rh,ecoat",1.0,51.99,36.39,30.00577034,15
68884,1023756-329,polaris,"brkt-clsout,fndr,lh,ecoat",1.0,51.99,36.39,30.00577034,15
69004,1263145-266,polaris,"weld-exh,shield,hdpipe,rr,blk",1.0,256.99,192.74,25.0009728,29
69122,1913075,polaris,rotor-rear,1.0,179.99,116.99,35.00194455,32
69165,2205789,polaris,"kit-tan leather restore,ind",1.0,69.59,48.71,30.00431096,30
69179,2206156,polaris,"k-switch,frmc,j",2.0,51.99,83.18,20.00384689,34
69223,2208606,polaris,k-gear switch,2.0,63.99,102.38,20.00312549,22
69229,2208847,polaris,k-clutch pack,1.0,448.99,291.84,35.00077953,23
69259,2414193,polaris,"harness-handcontrols,fairing",1.0,256.99,182.46,29.00112845,26
69267,2414422,polaris,"lamp-license plate,side,li",10.0,51.99,337.9,35.00673206,27
69272,2414641,polaris,"harness-under seat,h/c,v2",1.0,70.99,50.4,29.00408508,35
69275,2414784,polaris,"turn signal, left",1.0,76.99,50.04,35.00454604,12
69283,2415332,polaris,"harness-under seat,h/c,v3",1.0,76.99,54.66,29.00376672,32
69298,2415694,polaris,"harness-handctrl,fairing,ind",1.0,256.99,182.46,29.00112845,28
69300,2415866,polaris,"harness-h/c seat jumper,4 to 2",1.0,64.99,45.49,30.00461609,34
69322,2633518,polaris,storage push latch,5.0,51.99,181.95,30.00577034,24
69360,2830530,polaris,indian motorcycle jump pack,3.0,121.99,256.17,30.00245922,17
69470,286022509,polaris,"youth racing ls tee mult, xl",1.0,44.99,29.24,35.00777951,14
69472,286022609,polaris,"youth eftr dot hlmt bk, xl",2.0,99.99,129.98,35.00350035,18
69474,286050103,polaris,mw getaway leather jkt-m,1.0,679.99,441.99,35.00051471,23
69475,286050106,polaris,mw getaway leather jkt-l,1.0,679.99,441.99,35.00051471,23
69476,286050109,polaris,mw getaway leather jkt-xl,1.0,679.99,441.99,35.00051471,23
69477,286050112,polaris,mw getaway leather jkt-2xl,1.0,679.99,441.99,35.00051471,23
69495,286062402,polaris,mw getaway leather glove-s,2.0,109.99,142.98,35.00318211,23
69496,286062403,polaris,mw getaway leather glove-m,2.0,109.99,142.98,35.00318211,23
69497,286062406,polaris,mw getaway leather glove-l,2.0,109.99,142.98,35.00318211,23
69498,286062409,polaris,mw getaway leather glove-xl,2.0,109.99,142.98,35.00318211,23
69499,286062602,polaris,mw flat track glove-s,3.0,99.99,194.97,35.00350035,16
69502,286062609,polaris,mw flat track glove-xl,1.0,99.99,64.99,35.00350035,17
69503,286062702,polaris,mens retro ii glove -s,2.0,109.99,142.98,35.00318211,25
69511,286062809,polaris,womens retro ii glove -xl,1.0,109.99,71.49,35.00318211,24
69513,286062903,polaris,mens mesh ii glove -m,1.0,84.99,55.24,35.00411813,13
69517,286063002,polaris,womens mesh ii glove -s,2.0,84.99,110.48,35.00411813,28
69523,286065306,polaris,mw denton jkt-l,1.0,619.99,402.99,35.00056453,35
69524,286065309,polaris,mw denton jkt-xl,1.0,619.99,402.99,35.00056453,35
69525,286065312,polaris,mw denton jkt-2xl,1.0,619.99,402.99,35.00056453,35
69528,286065609,polaris,mw montana waxed jkt-xl,1.0,464.99,302.24,35.0007527,26
69529,286065612,polaris,mw montana waxed jkt-2xl,1.0,464.99,302.24,35.0007527,35
69544,286066303,polaris,"mens deerskin glv tan ce, m",2.0,109.99,142.98,35.00318211,23
69548,286066509,polaris,mw boyd sneaker - 09,1.0,179.99,116.99,35.00194455,26
69549,286066510,polaris,mw boyd sneaker - 10,2.0,179.99,233.98,35.00194455,25
69553,286066709,polaris,mw bryant sneaker - 09,2.0,179.99,233.98,35.00194455,16
69554,286066710,polaris,mw bryant sneaker - 10,3.0,179.99,350.97,35.00194455,13
69555,286066711,polaris,mw bryant sneaker - 11,3.0,179.99,350.97,35.00194455,15
69556,286066712,polaris,mw bryant sneaker - 12,4.0,179.99,467.96,35.00194455,25
69557,286066906,polaris,ww bryant sneaker - 06,1.0,179.99,116.99,35.00194455,33
69559,286066908,polaris,ww bryant sneaker - 08,1.0,179.99,116.99,35.00194455,25
69565,286073806,polaris,ww idaho waxed jkt-l,1.0,449.99,292.49,35.0007778,22
69567,286073812,polaris,ww idaho waxed jkt-2xl,1.0,449.99,292.49,35.0007778,32
69570,2860743,polaris,silver aviator sunglasses,1.0,74.99,48.74,35.00466729,12
69573,2860768,polaris,indian motorcycle umbrella,4.0,44.99,116.96,35.00777951,16
69576,286077202,polaris,mw  bomber girl tee s,1.0,32.89,30.54,7.145028884,42
69679,286082812,polaris,"mens classic jkt 2 ce, 2xl",1.0,679.99,441.99,35.00051471,21
69729,286089509,polaris,modular matt hlmt- xl,2.0,389.99,506.98,35.00089746,16
69730,286089512,polaris,modular matt hlmt - 2xl,2.0,389.99,506.98,35.00089746,16
69731,286089602,polaris,mw denton fingerless glv - s,2.0,84.99,110.48,35.00411813,36
69732,286089603,polaris,mw denton fingerless glv -m,2.0,84.99,110.48,35.00411813,36
69733,286089606,polaris,mw denton fingerless glv - l,1.0,84.99,55.24,35.00411813,21
69736,286089702,polaris,ww denton fingerless glv - s,1.0,84.99,55.24,35.00411813,12
69737,286089703,polaris,ww denton fingerless glv - m,2.0,84.99,110.48,35.00411813,13
69739,286089709,polaris,ww denton fingerless glv - xl,2.0,84.99,110.48,35.00411813,13
69743,286091006,polaris,"imc balaclava, bl - l/xl",2.0,39.99,51.98,35.00875219,20
69763,286092914,polaris,mw gray engine logo tee 3xl,1.0,46.99,30.54,35.00744839,35
69764,286093002,polaris,mw navy ls performance tee s,2.0,84.99,110.48,35.00411813,35
69804,286094102,polaris,mw twin pocket plaid shirt s,1.0,99.99,64.99,35.00350035,29
69808,286094112,polaris,mw twin pocket plaid shirt 2xl,1.0,99.99,64.99,35.00350035,35
69809,286094114,polaris,mw twin pocket plaid shirt 3xl,1.0,99.99,64.99,35.00350035,31
69821,286094902,polaris,ww gy diamante icon hoodie s,1.0,119.99,77.99,35.00291691,35
69850,2860968,polaris,indian motorcycle pint glass,1.0,24.99,16.24,35.0140056,19
69851,2860969,polaris,imc headdress glass - 2 pack,1.0,39.99,25.99,35.00875219,19
69864,286135202,polaris,"imc textile belt bk, s",1.0,44.99,29.24,35.00777951,17
69868,286135212,polaris,"imc textile belt bk, 2xl",2.0,44.99,58.48,35.00777951,28
69872,286140002,polaris,"mens arlington mesh jkt ce, s",2.0,324.99,422.48,35.00107696,28
69875,286140009,polaris,"mens arlington mesh jkt ce, xl",1.0,324.99,211.24,35.00107696,25
69878,286140103,polaris,"wmns arlington mesh jkt ce, m",1.0,324.99,211.24,35.00107696,26
69882,286140202,polaris,"mens tobin mesh jkt ce, s",2.0,334.99,435.48,35.00104481,28
69886,286140212,polaris,"mens tobin mesh jkt ce, 2xl",1.0,334.99,217.74,35.00104481,21
69888,286140302,polaris,"mens haydon textile jkt ce, s",2.0,334.99,435.48,35.00104481,28
69890,286140306,polaris,"mens haydon textile jkt ce, l",1.0,334.99,217.74,35.00104481,13
69892,286140312,polaris,"mens haydon textile jk ce, 2xl",1.0,334.99,217.74,35.00104481,15
69893,286140314,polaris,"mens haydon textile jk ce, 3xl",2.0,334.99,435.48,35.00104481,28
69897,286140409,polaris,"mens haydon vest, xl",1.0,194.99,126.74,35.00179496,14
69898,286140412,polaris,"mens haydon vest, 2xl",1.0,194.99,126.74,35.00179496,15
69910,286141702,polaris,"mens tobin fingerless glv, s",4.0,74.99,194.96,35.00466729,24
69911,286141703,polaris,"mens tobin fingerless glv, m",3.0,74.99,146.22,35.00466729,22
69915,286162502,polaris,mw gy garage tee s,1.0,54.99,35.74,35.00636479,21
69916,286162503,polaris,mw gy garage tee m,2.0,54.99,71.48,35.00636479,21
69918,286162509,polaris,mw gy garage tee xl,1.0,54.99,35.74,35.00636479,14
69920,286162802,polaris,mw rd legend lives tee s,2.0,54.99,71.48,35.00636479,21
69923,286162809,polaris,mw rd legend lives tee xl,1.0,54.99,35.74,35.00636479,12
69925,286162814,polaris,mw rd legend lives tee 3xl,1.0,54.99,35.74,35.00636479,21
69926,286162902,polaris,mw bl ls script emb tee s,2.0,74.99,97.48,35.00466729,23
69927,286162903,polaris,mw bl ls script emb tee m,1.0,74.99,48.74,35.00466729,21
69931,286162914,polaris,mw bl ls script emb tee 3xl,1.0,74.99,48.74,35.00466729,23
69937,286163014,polaris,mw bl ls plaid shirt 3xl,1.0,99.99,64.99,35.00350035,23
69938,286163402,polaris,mw bk ls craft tee s,1.0,59.99,38.99,35.00583431,13
69939,286163403,polaris,mw bk ls craft tee m,1.0,59.99,38.99,35.00583431,16
69941,286163409,polaris,mw bk ls craft tee xl,1.0,59.99,38.99,35.00583431,19
69942,286163412,polaris,mw bk ls craft tee 2xl,1.0,59.99,38.99,35.00583431,21
69944,286163502,polaris,mw gy ls plaid shirt s,1.0,99.99,64.99,35.00350035,12
69945,286163503,polaris,mw gy ls plaid shirt m,1.0,99.99,64.99,35.00350035,16
69947,286163509,polaris,mw gy ls plaid shirt xl,2.0,99.99,129.98,35.00350035,23
69948,286163512,polaris,mw gy ls plaid shirt 2xl,2.0,99.99,129.98,35.00350035,23
69949,286163514,polaris,mw gy ls plaid shirt 3xl,2.0,99.99,129.98,35.00350035,19
69953,286163612,polaris,mw ch merino zip thru 2xl,1.0,209.99,136.49,35.00166675,23
69960,286164002,polaris,mw gr custom built tee s,2.0,54.99,71.48,35.00636479,21
69961,286164003,polaris,mw gr custom built tee m,2.0,54.99,71.48,35.00636479,23
69965,286164014,polaris,mw gr custom built tee 3xl,1.0,54.99,35.74,35.00636479,21
69976,286164702,polaris,ww vt gold emb tee s,1.0,54.99,35.74,35.00636479,21
69978,286164706,polaris,ww vt gold emb tee l,2.0,54.99,71.48,35.00636479,21
69982,286165703,polaris,ww ch ls graphic tee m,1.0,54.99,35.74,35.00636479,21
70006,286167702,polaris,uni bk rain bottom xs/s,3.0,114.99,224.22,35.00304374,12
70012,2861687,polaris,wmns headdress cap bk,5.0,44.99,146.2,35.00777951,17
70014,2861690,polaris,"script fleece beanie, bk",6.0,32.99,128.64,35.01060928,23
70020,2861696,polaris,"waxed canvas backpack, bk",5.0,179.99,584.95,35.00194455,14
70021,2861697,polaris,"waxed canvas duffle bag, bk",2.0,209.99,272.98,35.00166675,16
70023,286169903,polaris,"drew leather jacket bk, m",2.0,619.99,805.98,35.00056453,23
70024,286169906,polaris,"drew leather jacket bk, l",2.0,619.99,805.98,35.00056453,23
70026,286169912,polaris,"drew leather jacket bk, 2xl",1.0,619.99,402.99,35.00056453,23
70032,286170108,polaris,"classic engineer bk, 8",1.0,294.99,191.74,35.00118648,15
70033,286170109,polaris,"classic engineer bk, 9",2.0,294.99,383.48,35.00118648,16
70035,286170111,polaris,"classic engineer bk, 11",1.0,294.99,191.74,35.00118648,12
70036,286170112,polaris,"classic engineer bk, 12",2.0,294.99,383.48,35.00118648,16
70038,286170208,polaris,"short engineer 2 bk, 8",1.0,294.99,191.74,35.00118648,12
70039,286170209,polaris,"short engineer 2 bk, 9",1.0,294.99,191.74,35.00118648,12
70068,286189203,polaris,mw wt ss wrk crew tee m,2.0,54.99,66.48,39.55264594,28
70071,286189212,polaris,mw wt ss wrk crew tee 2xl,2.0,54.99,66.48,39.55264594,28
70072,286189214,polaris,mw wt ss wrk crew tee 3xl,1.0,54.99,33.24,39.55264594,27
70073,286189402,polaris,mw bl ls piq wrk crew tee s,1.0,59.99,38.99,35.00583431,28
70079,286189502,polaris,mw rd ss active tee s,1.0,74.99,48.74,35.00466729,28
70080,286189503,polaris,mw rd ss active tee m,2.0,74.99,97.48,35.00466729,28
70084,286189514,polaris,mw rd ss active tee 3xl,1.0,74.99,48.74,35.00466729,28
70101,286190512,polaris,mw bk ls col block tee 2xl,1.0,59.99,38.99,35.00583431,17
70139,286192502,polaris,ww bk ls contrast hoodie s,1.0,119.99,77.99,35.00291691,13
70140,286192503,polaris,ww bk ls contrast hoodie m,1.0,119.99,77.99,35.00291691,28
70141,286192506,polaris,ww bk ls contrast hoodie l,1.0,119.99,77.99,35.00291691,14
70143,286192512,polaris,ww bk ls contrast hoodie 2xl,2.0,119.99,155.98,35.00291691,28
70144,286192514,polaris,ww bk ls contrast hoodie 3xl,1.0,119.99,77.99,35.00291691,28
70154,286192902,polaris,ww bl ls indigo shirt s,1.0,89.99,58.49,35.00388932,28
70159,286192914,polaris,ww bl ls indigo shirt 3xl,1.0,89.99,58.49,35.00388932,12
70165,286263402,polaris,"mens freeway jacket 2 bk, s",1.0,689.99,448.49,35.00050725,15
70166,286263403,polaris,"mens freeway jacket 2 bk, m",2.0,689.99,896.98,35.00050725,15
70168,286263409,polaris,"mens freeway jacket 2 bk, xl",2.0,689.99,896.98,35.00050725,15
70172,286263503,polaris,"wmns freeway jacket 2 bk, m",2.0,689.99,896.98,35.00050725,15
70173,286263506,polaris,"wmns freeway jacket 2 bk, l",2.0,689.99,896.98,35.00050725,15
70174,286263509,polaris,"wmns freeway jacket 2 bk, xl",2.0,689.99,896.98,35.00050725,15
70175,286263512,polaris,"wmns freeway jacket 2 bk, 2xl",2.0,689.99,896.98,35.00050725,13
70181,286263612,polaris,"mens detroit bomber gy, 2xl",1.0,324.99,211.24,35.00107696,16
70182,286263614,polaris,"mens detroit bomber gy, 3xl",1.0,324.99,211.24,35.00107696,16
70183,286273802,polaris,"mens western vest bk, s",1.0,259.99,168.99,35.00134621,16
70184,286273803,polaris,"mens western vest bk, m",2.0,259.99,337.98,35.00134621,16
70186,286273809,polaris,"mens western vest bk, xl",2.0,259.99,337.98,35.00134621,16
70188,286273814,polaris,"mens western vest bk, 3xl",2.0,259.99,337.98,35.00134621,16
70197,286274006,polaris,"mens casual bomber bk, l",2.0,199.99,259.98,35.00175009,16
70198,286274009,polaris,"mens casual bomber bk, xl",2.0,199.99,259.98,35.00175009,16
70199,286274012,polaris,"mens casual bomber bk, 2xl",2.0,199.99,259.98,35.00175009,16
70200,286274014,polaris,"mens casual bomber bk, 3xl",1.0,199.99,129.99,35.00175009,16
70205,286274902,polaris,mw wt 1901 imc tee s,1.0,46.99,30.54,35.00744839,13
70206,286274903,polaris,mw wt 1901 imc tee m,2.0,46.99,61.08,35.00744839,13
70208,286274909,polaris,mw wt 1901 imc tee xl,2.0,46.99,61.08,35.00744839,13
70209,286274912,polaris,mw wt 1901 imc tee 2xl,2.0,46.99,61.08,35.00744839,13
70210,286275102,polaris,mw bl vintage graphic tee s,1.0,54.99,35.74,35.00636479,13
70211,286275103,polaris,mw bl vintage graphic tee m,2.0,54.99,71.48,35.00636479,13
70212,286275106,polaris,mw bl vintage graphic tee l,2.0,54.99,71.48,35.00636479,13
70213,286275109,polaris,mw bl vintage graphic tee xl,2.0,54.99,71.48,35.00636479,13
70214,286275112,polaris,mw bl vintage graphic tee 2xl,2.0,54.99,71.48,35.00636479,13
70220,286275214,polaris,mw bk team jersey 3xl,1.0,67.99,44.19,35.00514782,13
70221,286275302,polaris,mw bk indian polo shirt s,2.0,59.99,77.98,35.00583431,16
70222,286275303,polaris,mw bk indian polo shirt  m,2.0,59.99,77.98,35.00583431,16
70226,286275314,polaris,mw bk indian polo shirt  3xl,1.0,59.99,38.99,35.00583431,14
70227,286275502,polaris,mw bl herringbone shirt s,2.0,84.99,110.48,35.00411813,13
70232,286275514,polaris,mw bl herringbone shirt 3xl,2.0,84.99,110.48,35.00411813,13
70236,286275609,polaris,mw bk vented ss shirt xl,2.0,89.99,116.98,35.00388932,13
70238,286275614,polaris,mw bk vented ss shirt 3xl,1.0,89.99,58.49,35.00388932,13
70244,286275812,polaris,mw bk est. 1901 tee 2xl,1.0,39.99,25.99,35.00875219,12
70245,286275814,polaris,mw bk est. 1901 tee 3xl,2.0,39.99,51.98,35.00875219,13
70246,286275902,polaris,mw bk diamond graphic tee s,2.0,46.99,61.08,35.00744839,16
70247,286275903,polaris,mw bk diamond graphic tee m,2.0,46.99,61.08,35.00744839,16
70251,286275914,polaris,mw bk diamond graphic tee 3xl,1.0,46.99,30.54,35.00744839,15
70252,286276002,polaris,mw wt v-twin engine tee s,1.0,54.99,35.74,35.00636479,13
70256,286276012,polaris,mw wt v-twin engine tee 2xl,2.0,54.99,71.48,35.00636479,13
70257,286276202,polaris,mw gy athlete tee s,2.0,59.99,77.98,35.00583431,13
70258,286276203,polaris,mw gy athlete tee m,2.0,59.99,77.98,35.00583431,13
70260,286276209,polaris,mw gy athlete tee xl,1.0,59.99,38.99,35.00583431,12
70263,286276702,polaris,mw gy watercolor tee s,2.0,46.99,61.08,35.00744839,16
70264,286276703,polaris,mw gy watercolor tee m,2.0,46.99,61.08,35.00744839,16
70268,286276714,polaris,mw gy watercolor tee 3xl,1.0,46.99,30.54,35.00744839,16
70269,286276802,polaris,mw gr im block logo tee s,1.0,39.99,25.99,35.00875219,13
70272,286276809,polaris,mw gr im block logo tee xl,1.0,39.99,25.99,35.00875219,15
70274,286276814,polaris,mw gr im block logo tee 3xl,2.0,39.99,51.98,35.00875219,16
70277,286277306,polaris,ww bk glitter graphic tee l,2.0,54.99,71.48,35.00636479,13
70293,286278112,polaris,ww ch off shoulder tee 2xl,1.0,46.99,30.54,35.00744839,16
70314,2862793,polaris,"block ripstop cap, gray",4.0,39.99,103.96,35.00875219,16
70318,2862798,polaris,dry cooler bag,1.0,169.99,110.49,35.00205894,13
70325,286280701,polaris,"modular matte helmet bk, xs",1.0,389.99,253.49,35.00089746,13
70328,286280706,polaris,"modular matte helmet bk, l",3.0,389.99,760.47,35.00089746,13
70331,286280802,polaris,"open face hlmt mat bk/gn, s",1.0,234.99,152.74,35.00148943,15
70332,286280803,polaris,"open face hlmt mat bk/gn, m",1.0,234.99,152.74,35.00148943,15
70333,286280806,polaris,"open face hlmt mat bk/gn, l",1.0,234.99,152.74,35.00148943,15
70334,286280809,polaris,"open face hlmt mat bk/gn, xl",1.0,234.99,152.74,35.00148943,15
70335,286280812,polaris,"open face hlmt mat bk/gn, 2xl",1.0,234.99,152.74,35.00148943,15
70336,2862809,polaris,monaco sunglasses,4.0,39.99,103.96,35.00875219,16
70340,2862813,polaris,arizona sunglasses,2.0,54.99,71.48,35.00636479,14
70341,2862814,polaris,getaway sunglasses,4.0,54.99,142.96,35.00636479,15
70342,2862815,polaris,performance sunglasses 2,2.0,129.99,168.98,35.00269251,13
70595,286369602,polaris,indian half hlmt 1-s,3.0,179.99,350.97,35.00194455,36
70598,286369609,polaris,indian half hlmt 1-xl,3.0,179.99,350.97,35.00194455,36
70629,286371603,polaris,wmns vest 2-m,1.0,194.99,126.74,35.00179496,31
70630,286371606,polaris,wmns vest 2-l,1.0,194.99,126.74,35.00179496,44
70691,286436702,polaris,indian half hlmt 2-s,2.0,179.99,233.98,35.00194455,12
70701,286441210,polaris,men spirit lake boot 10,1.0,409.99,247.84,39.54974512,27
70702,286441211,polaris,men spirit lake boot 11,2.0,409.99,495.68,39.54974512,28
70703,286441212,polaris,men spirit lake boot 12,2.0,409.99,532.98,35.00085368,28
70733,2865234,polaris,ind head tie,3.0,24.99,48.72,35.0140056,23
70826,286769011,polaris,mens engineer-blk 11 ce,1.0,259.99,168.99,35.00134621,42
70828,286769206,polaris,wmns short engineer-blk 6 ce,1.0,249.99,162.49,35.00140006,28
70845,286799806,polaris,mens liberty jkt-l,1.0,1219.99,792.99,35.00028689,23
70886,286886906,polaris,retro open helmet mt black-l,1.0,234.99,152.74,35.00148943,37
70887,286886909,polaris,retro open helmet mt black-xl,1.0,234.99,152.74,35.00148943,37
70891,286887006,polaris,retro open helmet hi black-l,1.0,234.99,152.74,35.00148943,44
70892,286887009,polaris,retro open helmet hi black-xl,1.0,234.99,152.74,35.00148943,44
70893,286887202,polaris,retro open helmet red-s,1.0,234.99,152.74,35.00148943,16
70895,286887206,polaris,retro open helmet red-l,1.0,234.99,152.74,35.00148943,16
70896,286887209,polaris,retro open helmet red-xl,1.0,234.99,152.74,35.00148943,16
70897,286887212,polaris,retro open helmet red-2xl,1.0,234.99,152.74,35.00148943,15
70915,286893302,polaris,mens black plaid shirt - s,1.0,89.99,58.49,35.00388932,35
70916,286893303,polaris,mens black plaid shirt - m,1.0,89.99,56.74,36.94854984,41
70919,286893312,polaris,mens black plaid shirt - 2xl,1.0,89.99,56.74,36.94854984,35
70942,286896503,polaris,mens 1200 logo tee blk m,1.0,32.89,30.54,7.145028884,44
70970,286962903,polaris,matte stripe open helmet-m,1.0,234.99,152.74,35.00148943,36
70972,286963002,polaris,matte stripe full helmet-s,1.0,399.99,259.99,35.00087502,16
70973,286963003,polaris,matte stripe full helmet-m,1.0,399.99,259.99,35.00087502,16
70974,286963006,polaris,matte stripe full helmet-l,1.0,399.99,259.99,35.00087502,16
70975,286963009,polaris,matte stripe full helmet-xl,1.0,399.99,259.99,35.00087502,16
70976,286963012,polaris,matte stripe full helmet-2xl,1.0,399.99,259.99,35.00087502,16
70978,286963403,polaris,half helmet 3-m,1.0,179.99,116.99,35.00194455,16
70980,286963409,polaris,half helmet 3-xl,3.0,179.99,350.97,35.00194455,14
70981,286963412,polaris,half helmet 3-2xl,1.0,179.99,116.99,35.00194455,13
70985,286963509,polaris,mens beckman jkt ce-xl,2.0,554.99,721.48,35.00063064,36
70998,2869646,polaris,liberty sunglasses,4.0,59.99,155.96,35.00583431,28
71005,286965902,polaris,mens port marl pocket tee-s,1.0,54.99,35.74,35.00636479,44
71026,286970602,polaris,mens ls shield logo tee-s,1.0,59.99,38.99,35.00583431,37
71037,286972303,polaris,wmns blake jkt-m,1.0,619.99,402.99,35.00056453,17
71038,286972306,polaris,wmns blake jkt-l,1.0,619.99,402.99,35.00056453,35
71039,286972309,polaris,wmns blake jkt-xl,1.0,619.99,402.99,35.00056453,23
71042,286972603,polaris,mens atlanta jacket-m,1.0,399.99,259.99,35.00087502,13
71045,286972612,polaris,mens atlanta jacket-2xl,1.0,399.99,259.99,35.00087502,16
71069,286974102,polaris,mw softshell jkt-s,2.0,179.99,233.98,35.00194455,21
71074,286974114,polaris,mw softshell jkt-3xl,1.0,179.99,116.99,35.00194455,21
71120,2879530-266,polaris,"kit-tip,exhaust,blt slash,blk",2.0,449.99,629.98,30.00066668,30
71122,2879532-266,polaris,"kit-tip,exhaust,fish tail,blk",2.0,289.99,405.98,30.00103452,35
71124,2879542-01,polaris,"kit-backrest,rider,blk",1.0,554.99,388.49,30.00054055,18
71125,2879542-02,polaris,"kit-backrest,rider,blk/studs",1.0,514.99,360.49,30.00058254,13
71129,2879550-156,polaris,"kit-bumper,rear,chr",1.0,244.99,171.49,30.00122454,29
71130,2879551-156,polaris,"kit-bumper,front,chr",2.0,294.99,412.98,30.00101698,21
71133,2879572-156,polaris,"kit-peg,hwy,vint 1,chr",5.0,449.99,1574.95,30.00066668,24
71134,2879572-156-P,polaris,"kit-peg,hwy,vint 1,chr",1.0,409.99,286.99,30.00073173,44
71137,2879577-05,polaris,"kit-bag,windshield,tan",1.0,294.99,206.49,30.00101698,26
71138,2879578-02,polaris,"kit-seat,low,ridr,htd,blk/stud",1.0,874.99,612.49,30.00034286,33
71140,2879582-156,polaris,"kit-highway bar,rear,chr",2.0,449.99,629.98,30.00066668,14
71141,2879582-156,polaris,"kit-highway bar,rear,chr",2.0,449.99,629.98,30.00066668,14
71144,2879604-156,polaris,"kit-rail,rider seat,chr",2.0,359.99,503.98,30.00083336,27
71156,2879740,polaris,"kit-mount,csr,bag/backrest",4.0,119.99,335.96,30.00250021,35
71158,2879768-266,polaris,"kit-exhaust,stage 1,50,csr,blk",4.0,1024.99,2869.96,30.00029269,30
71159,2879768-266-T,polaris,"kit-exhaust,stage1,50,csr,blk",1.0,350.99,350.99,0.0,29
71167,2880041-01,polaris,"kit-pad,armrest,blk",1.0,129.99,90.99,30.00230787,23
71207,2880234-05,polaris,"kit-saddlebags,n,tan",2.0,1414.99,1980.98,30.00021202,26
71208,2880236-156,polaris,"kit-windshield,low,n,chr",1.0,679.99,475.99,30.00044118,27
71210,2880238-650,polaris,"kit-cntrls,ext rch,n,ti slv",4.0,259.99,727.96,30.00115389,14
71213,2880240-01,polaris,"kit-seat,drvr,ext r,n,blk",1.0,294.99,206.49,30.00101698,27
71216,2880241-05,polaris,"kit-seat,drvr,rr,n,tan",1.0,359.99,251.99,30.00083336,29
71222,2880289,polaris,"kit-lights,led",2.0,554.99,776.98,30.00054055,29
71224,2880294,polaris,"kit-fitted bag,saddlebag",1.0,234.99,164.49,30.00127665,29
71230,2880619-01,polaris,"kit-pouch,tank,n,blk",2.0,234.99,328.98,30.00127665,28
71239,2880667-626,polaris,"kit-footpeg,pass,jtblk",4.0,294.99,825.96,30.00101698,25
71240,2880668,polaris,kit-oil cooler,2.0,424.99,594.98,30.0007059,13
71245,2880671-156,polaris,"kit-tip,exhaust,straight,chr",1.0,359.99,251.99,30.00083336,27
71246,2880671-266,polaris,"kit-tip,exhaust,straight,blk",1.0,359.99,251.99,30.00083336,33
71257,2880750-266,polaris,"kit-bumper,frt,blk",2.0,289.99,405.98,30.00103452,25
71269,2880827-05,polaris,"kit-pad,backrest,n,tan",1.0,284.99,199.49,30.00105267,34
71273,2880835-156,polaris,"kit-windshield,tall,n,chr",2.0,679.99,951.98,30.00044118,13
71274,2880866,polaris,"kit-footrest,hwy bar",1.0,104.99,73.49,30.00285741,40
71279,2880901-01,polaris,"kit-bag,windshield,ms,blk",2.0,279.99,391.98,30.00107147,29
71280,2880901-05,polaris,"kit-bag,windshield,ms,tan",2.0,279.99,391.98,30.00107147,25
71286,2880905-05,polaris,"k-seat,bobber,tan",1.0,559.99,391.99,30.00053572,26
71289,2880916,polaris,"kit-winscreen,low",2.0,964.99,1350.98,30.00031088,26
71295,2880944-01,polaris,"kit-insert,tool roll,blk",2.0,104.99,146.98,30.00285741,31
71296,2880944-05,polaris,"kit-insert,tool roll,tan",1.0,104.99,73.49,30.00285741,22
71314,2881187,polaris,"k-scr,seat bolt",2.0,64.99,90.98,30.00461609,21
71322,2881676,polaris,"k-st2,ind 111 cams 50st",1.0,809.99,566.99,30.00037037,12
71327,2881771-156,polaris,"k-sidestand,extended,chr",1.0,259.99,181.99,30.00115389,32
71328,2881771-463,polaris,"k-sidestand,extended,fblk",1.0,259.99,181.99,30.00115389,21
71331,2881788,polaris,"k-plug,backrest",2.0,39.99,55.98,30.00750188,23
71338,2881848-156,polaris,"k-clamp,foot rest,drvr,chr",2.0,259.99,363.98,30.00115389,15
71341,2881963-266,polaris,"k-rail,seat,solo,n,blk",1.0,279.99,202.99,27.50098218,33
71347,2882005-468,polaris,"k-peg,shft,brk,ns,blk",2.0,129.99,181.98,30.00230787,16
71353,2882132,polaris,k-garage door opener,3.0,234.99,493.47,30.00127665,14
71361,2882295-468,polaris,"k-peg,passenger,ns,blk",2.0,209.99,293.98,30.00142864,37
71372,2882718,polaris,k-close off solo seat,3.0,79.99,167.97,30.00375047,29
71374,2882767-01,polaris,"k-seat,passenger,blk",4.0,424.99,1189.96,30.0007059,25
71375,2882828-156,polaris,"k-grips,ind,chr",1.0,259.99,181.99,30.00115389,13
71376,2882828-468,polaris,"k-grips,ind,blk",1.0,259.99,181.99,30.00115389,41
71379,2882854-LNA,polaris,"k-bag,solo rack,blk",1.0,359.99,251.99,30.00083336,29
71381,2882864-156,polaris,"k-lp frm,hddress,na,chr",1.0,129.99,90.99,30.00230787,36
71383,2882866-468,polaris,"k-floorboard,pass,ness,16,blk",2.0,579.99,811.98,30.00051725,23
71385,2882923-410,polaris,"k-hndlbar,midrise,pol",1.0,534.99,374.49,30.00056076,44
71386,2883021-156,polaris,"k-floorboard,drvr,ness,16,chr",2.0,705.99,988.38,30.00042494,28
71387,2883021-468,polaris,"k-floorboard,drvr,ness,16,blk",2.0,709.99,993.98,30.00042254,35
71388,2883040,polaris,"k-navigation,upgrade,ind",1.0,709.99,496.99,30.00042254,35
71389,2883055-LNA,polaris,"k-seat,pass,sc,w/o bkrest,brn",1.0,489.99,342.99,30.00061226,16
71396,2883271-626,polaris,"k-mount,ext reach,sc,tblk",3.0,259.99,545.97,30.00115389,29
71398,2883309-266,polaris,"k-wndshld,spfld,low,smoke,bl",1.0,834.99,584.49,30.00035929,20
71399,2883321-13,polaris,"k-badges,tour,blk prl",1.0,279.99,195.99,30.00107147,45
71401,2883402-266,polaris,"k-rack,sdlbag lid,blk",1.0,474.99,332.49,30.00063159,29
71411,2883450-266,polaris,"k-hndlbar,midrise,blk",1.0,579.99,405.99,30.00051725,35
71416,2883503-VNA,polaris,"k-seat,scrambler,vnl,brn",1.0,424.99,297.49,30.0007059,32
71421,2883511,polaris,k-luggage rack,2.0,359.99,503.98,30.00083336,12
71445,2883690,polaris,"k-usb,retro",4.0,234.99,657.96,30.00127665,26
71453,2883730-468,polaris,"k-mirror,barend,scout,black",2.0,333.99,467.58,30.00089823,20
71454,2883737-266,polaris,"k-accy-airbox-indian,glblk",4.0,619.99,1735.96,30.00048388,16
71459,2883842,polaris,k-brkt rear mount,1.0,129.99,90.99,30.00230787,12
71464,2883888,polaris,chf all weather full cover,1.0,259.99,181.99,30.00115389,12
71465,2883889,polaris,chf dust cover,1.0,259.99,181.99,30.00115389,36
71467,2883895,polaris,"k-cover,roadmaster,full",1.0,259.99,181.99,30.00115389,17
71472,2883924,polaris,"k-harness,audio,sb,b",2.0,144.99,202.98,30.00206911,20
71473,2883926,polaris,k-100w-525-spkr-fa,4.0,679.99,1903.96,30.00044118,20
71491,2884011,polaris,k-windscreen mount,1.0,371.99,260.39,30.00080647,14
71493,2884012-410,polaris,"k-handlebar,mini-ape,pol",3.0,234.99,493.47,30.00127665,17
71508,2884063-156,polaris,"k-asm,bar,hgwy,chr",1.0,579.99,405.99,30.00051725,24
71509,2884063-266,polaris,"k-asm,bar,hgwy,blk",1.0,579.99,405.99,30.00051725,25
71510,2884069,polaris,"k-mount-footpeg,pass,rh,he",1.0,144.99,101.49,30.00206911,44
71517,2884110-156,polaris,"k-muffler,stg 1,chr",1.0,1089.99,762.99,30.00027523,37
71523,2884113,polaris,"k-bag,rack,scout",1.0,359.99,251.99,30.00083336,26
71552,2884167-156,polaris,"k,-windshield,low,tint,chr",1.0,679.99,475.99,30.00044118,27
71557,2884177-156,polaris,"k-hwy bar,frt,chrome",2.0,579.99,811.98,30.00051725,32
71558,2884177-266,polaris,"k-hwy bar,frt,black",2.0,604.99,846.98,30.00049588,23
71559,2884178,polaris,"k-mount,drvr backrest",1.0,254.99,178.49,30.00117652,22
71566,2884190,polaris,"k-cover,ftr1200,all,wthr",1.0,259.99,181.99,30.00115389,35
71588,2884420,polaris,"k-nav,upgrade, connected,ind",1.0,709.99,496.99,30.00042254,19
71589,2884422,polaris,"k-led headlight,common,intl",2.0,579.99,811.98,30.00051725,20
71592,2884424-266,polaris,"k-asm,bar,c hgwy.blk",3.0,604.99,1270.47,30.00049588,23
71593,2884425-156,polaris,"k-asm,bar,mustache,hgwy,chr",2.0,579.99,811.98,30.00051725,28
71598,2884442-156,polaris,"k-headlight,adaptive,7 ,chr",3.0,834.99,1753.47,30.00035929,17
71599,2884442-266,polaris,"k-headlight,adaptive,7 ,blk",5.0,859.99,3009.95,30.00034884,20
71604,2884460,polaris,"k-cover,allweather,bagger,",1.0,259.99,181.99,30.00115389,21
71612,2884470-266,polaris,"k-driving lights,crsr,blk",1.0,579.99,405.99,30.00051725,34
71613,2884558-VBA,polaris,"k-seat,heat-cool,can,chftn,vba",1.0,1699.99,1189.99,30.00017647,34
71621,2884619-266,polaris,"k-backrest,pass,blk",2.0,449.99,629.98,30.00066668,23
71624,2884631-156,polaris,"k-pass,backrest,fixed,chr",2.0,424.99,594.98,30.0007059,20
71626,2884632-156,polaris,"k-pass,backrest,lck and rd,chr",1.0,424.99,297.49,30.0007059,20
71628,2884641-VBA,polaris,"k-seat,solo,ext,blk",1.0,279.99,195.99,30.00107147,27
71629,2884641-VBC,polaris,"k-seat,solo,ext,blk2",1.0,279.99,195.99,30.00107147,27
71630,2884642-VBA,polaris,"k-seat,bagr,ext,blk",2.0,279.99,391.98,30.00107147,27
71631,2884643-VBA,polaris,"k-seat,bagr,rdu,blk",1.0,279.99,195.99,30.00107147,18
71636,2884672-156,polaris,"k-rack,solo,chr",2.0,259.99,363.98,30.00115389,26
71640,2884688,polaris,"k-wind deflector,bobber,mid",7.0,194.99,955.43,30.00153854,28
71642,2884693-266,polaris,"k-ws,tall,clr,blk",2.0,679.99,951.98,30.00044118,22
71643,2884693-410,polaris,"k-ws,tall,clr,plshd",2.0,679.99,951.98,30.00044118,23
71649,2884718-266,polaris,"k-asm,bar,hgwy,blk",2.0,514.99,720.98,30.00058254,16
71653,2884721-266,polaris,"k-exh tip,slash,blk",1.0,329.99,230.99,30.00090912,15
71656,2884727-VBA,polaris,"k-pad,pass backrest,vin,blk",1.0,254.99,178.49,30.00117652,23
71659,2884772-266,polaris,"k-shifter heel,blk",3.0,244.99,514.47,30.00122454,12
71660,2884775-156,polaris,"k-fog light,chr",2.0,389.99,545.98,30.00076925,20
71662,2884787,polaris,"k-closeouts-lower,rigid",4.0,279.99,783.96,30.00107147,13
71672,2884899-156,polaris,"k-mount,driving light,3.5 ,chr",2.0,259.99,363.98,30.00115389,23
71676,2884902-266,polaris,"k-hardware,ws,blk",5.0,104.99,367.45,30.00285741,14
71683,2884940-266,polaris,"k-ws,low,blk,blk",3.0,679.99,1427.97,30.00044118,22
71684,2884940-410,polaris,"k-ws,low,blk,plshd",2.0,679.99,951.98,30.00044118,23
71685,2884941-266,polaris,"k-ws,mid,tint,blk",3.0,679.99,1427.97,30.00044118,14
71686,2884941-410,polaris,"k-ws,mid,tint,plshd",2.0,679.99,951.98,30.00044118,25
71687,2884949-VBC,polaris,"k-seat,floating,blk",2.0,319.99,447.98,30.00093753,19
71698,2885001-266,polaris,"k-hndlbar,miniape,blk",4.0,259.99,727.96,30.00115389,23
71705,2885101,polaris,"k-lines,acc hndlbr instl long",4.0,234.99,657.96,30.00127665,22
71709,2885133-156,polaris,"k-rack,solo,scout,chr",4.0,294.99,825.96,30.00101698,24
71710,2885133-266,polaris,"k-rack,solo,scout,blk",3.0,309.99,650.97,30.00096777,12
71723,2889057,polaris,"k-speaker,5.25,100w,trnk",1.0,834.99,584.49,30.00035929,21
71727,2889113,polaris,"k-mount,seat",2.0,234.99,328.98,30.00127665,26
71732,2889214-266,polaris,"k-drvr ft cntrls,mid,blk",2.0,424.99,594.98,30.0007059,24
71742,2889299-VBA,polaris,"k-accy backrest pad,wknd bag",1.0,144.99,101.49,30.00206911,16
71772,2889596,polaris,"k-antenna,trunk",4.0,329.99,923.96,30.00090912,19
71775,2889606,polaris,k-liner-trunk,4.0,169.99,475.96,30.00176481,19
71854,3211176,polaris,"belt drive, 141 tooth x 22 mm",1.0,294.99,191.74,35.00118648,13
71891,3515138,polaris,"compression busing, 18 x 15 x",1.0,38.99,27.29,30.00769428,18
71935,4014300,polaris,"regulator-volt,harnessscnt,",1.0,410.99,287.69,30.00072994,27
71936,4014450,polaris,"switch cube, right, indian",1.0,410.99,308.24,25.00060829,22
71972,4017209,polaris,"asm-motor,starter,blk",1.0,551.99,358.34,35.08215729,15
71990,4018466,polaris,"switchcrl,2row,lh",1.0,583.99,437.99,25.00042809,32
72187,5262804-01,polaris,"console-inner,pat3202m",1.0,141.99,92.29,35.00246496,21
72319,5416595,polaris,gasket-primary cover inner,3.0,51.99,109.17,30.00577034,22
72392,5451837,polaris,"plug-pass peg,lh",5.0,25.99,84.45,35.01346672,26
72393,5451838,polaris,"plug-pass peg,rh",2.0,25.99,33.78,35.01346672,26
72598,7043487,polaris,"shock-pump,fox float",1.0,121.99,79.29,35.00286909,12
72637,7082130,polaris,"cable-clutch,1628mm",1.0,256.99,167.04,35.00136192,29
72646,7082318,polaris,"cable-clutch,m8,17mm adj,1590",1.0,230.99,150.14,35.00151522,14
75008,91252-ZW1-B02,sg power,seal,1.0,22.99,14.98,34.84123532,72
77920,13341-03B00,suzuki,"jet,needle",1.0,20.99,13.08,37.68461172,79
80607,56221-01D10-0FP,suzuki,h/bar holder lh,1.0,121.99,87.69,28.11705878,79
81297,59300-27860,suzuki,pad set  fa135,1.0,97.99,63.28,35.42198183,74
83297,107A120,thibault canada,optimate led emergency 12v lig,5.0,20.99,70.15,33.15864697,24
83384,128417,thibault canada,counteract tube 400/450-17 tr6,1.0,29.99,19.49,35.01167056,49
83385,128418,thibault canada,counteract tube 400/450-18 tr6,2.0,29.99,38.98,35.01167056,63
83387,1285166,thibault canada,counteract tube 500/510-16 tr6,3.0,29.99,58.47,35.01167056,63
83388,12851687,thibault canada,counteract tube 500/510-16 tr8,2.0,29.99,38.98,35.01167056,30
83445,15110208,thibault canada,regulator suz v-strom 1000 02-,1.0,181.99,114.65,37.00203308,27
83486,1611000,thibault canada,led h4 - 15w(2000lm) - type v,1.0,39.99,25.19,37.00925231,25
83834,2511451,thibault canada,stator xv750 virago 86-96,1.0,157.99,110.59,30.00189885,14
83835,2511554,thibault canada,starter vtx1800c 2003,1.0,165.99,100.79,39.27947467,14
83851,251SMU0525,thibault canada,starter 250 xc 2013,1.0,184.99,129.49,30.00162171,28
83898,258332,thibault canada,110/80-17 57h t/l battlax bt46,1.0,273.99,178.09,35.00127742,14
84110,38346,thibault canada,brk.switch.hyd.10x1.00mm.,1.0,34.99,22.74,35.01000286,48
84196,41070417,thibault canada,spr.17t 1000 rsvr 04-09/f650gs,3.0,29.99,58.47,35.01167056,69
85312,MAR9AJ,thibault canada,ngk standard spark plug,20.0,28.99,376.8,35.01207313,42
86134,2700071-T0301,triumph,"lens, taillamp, t409",1.0,68.99,44.74,35.15002174,34
86307,A2041443,triumph,"gummy grip kit, 25.4 blk",1.0,62.99,40.3,36.02159073,54
86313,A2041631,triumph,hbar clamp upper,2.0,116.99,150.8,35.55004701,54
86316,A2054008,triumph,aluminium chain guard - gunmetal,1.0,158.99,102.7,35.40474244,62
86317,A2054009,triumph,"chain guard, alloy, blk",2.0,148.99,193.68,35.00234915,72
86319,A2055009,triumph,chainguard steel chrome,1.0,95.99,66.5,30.7219502,71
86328,A2302628,triumph,twinseat low,2.0,505.99,656.5,35.12717643,72
86363,A2308983,triumph,"rider seat, low",3.0,255.99,497.25,35.25137701,13
86453,A9500793,triumph,inner bag 52l,4.0,79.99,205.4,35.80447556,25
86468,A9500864,triumph,topbox alu silver kl,1.0,665.99,432.25,35.09662307,27
86483,A9500898,triumph,"backrest pad,top,box,kit",4.0,71.99,184.6,35.89387415,14
86484,A9500904-DG,triumph,"top,box,infill,kit,red",1.0,82.99,53.3,35.77539463,15
86486,A9500904-LC,triumph,"top,box,infill,kit,grpht",1.0,82.99,53.3,35.77539463,15
86507,A9501339,triumph,t900 tbox 52l,2.0,500.99,650.0,35.12844568,14
86613,A9510073,triumph,speed triple tail pack harness,1.0,28.99,18.53,36.08140738,82
86641,A9510228,triumph,rain cover tank bag,1.0,31.99,20.15,37.01156611,60
86668,A9510572,triumph,"tail pack, qr",2.0,285.99,370.5,35.22500787,12
86672,A9510651,triumph,"roll bag, 30l",1.0,161.99,104.65,35.39724674,23
86714,A9518093,triumph,pannier kit pr waxed oli,1.0,774.99,503.74,35.00045162,47
86720,A9518102,triumph,"tank bag, 11l",2.0,255.99,331.5,35.25137701,13
86753,A9518253,triumph,qr tank bag kit,1.0,300.99,195.0,35.21379448,38
86886,A9600610,triumph,finned castings blk kit,1.0,110.99,77.0,30.62438057,71
86889,A9600617,triumph,"v&h silencer pair, blk",3.0,1090.99,2288.97,30.06443689,24
86896,A9600655,triumph,"cover, lhs, black",2.0,47.99,61.1,36.34090436,64
86910,A9600773,triumph,silencer slip-on pair,1.0,1500.99,1050.0,30.04616953,73
86981,A9610214,triumph,"oil filler cap, grey",3.0,31.99,60.45,37.01156611,12
86986,A9610247,triumph,"throttle cvr, chrome",1.0,72.99,47.44,35.00479518,57
86987,A9610248,triumph,"throttle cvr, brushed",1.0,70.99,49.0,30.97619383,63
86989,A9610251,triumph,"clutch badge, ribbed, chr",2.0,94.99,122.2,35.67743973,30
86990,A9610252,triumph,"clutch badge, ribbed, bru",1.0,94.99,61.1,35.67743973,23
86991,A9610253,triumph,"clutch badge, ribbed, drk",2.0,94.99,122.2,35.67743973,12
86994,A9610257,triumph,"badge, clutch, dark",2.0,80.99,104.0,35.79454254,12
86995,A9610259,triumph,"alt badge, ribbed, chrome",2.0,70.99,91.0,35.9064657,72
86997,A9610261,triumph,"alt badge, ribbed, dark",1.0,70.99,45.5,35.9064657,12
86998,A9610263,triumph,"alt badge, chrome",1.0,50.99,33.14,35.00686409,12
86999,A9610264,triumph,"alt badge, brushed",2.0,55.99,71.5,36.14931238,28
87000,A9610265,triumph,"alt badge, dark",2.0,55.99,71.5,36.14931238,12
87012,A9610512,triumph,"protector kit, engine covers",3.0,275.99,536.25,35.23316062,14
87073,A9618182,triumph,"intake covers, black, kit",1.0,75.99,48.75,35.84682195,63
87084,A9618198,triumph,"oil filler cap, badged",1.0,46.99,31.85,32.2196212,86
87088,A9618229,triumph,"intake covers, black",1.0,80.99,52.0,35.79454254,52
87109,A9620116,triumph,"brake res,front",3.0,128.99,249.6,35.49887588,21
87111,A9620119,triumph,"brake reserv,fr",2.0,128.99,166.4,35.49887588,26
87112,A9620120,triumph,"brake reserv,fr",1.0,128.99,83.2,35.49887588,22
87119,A9628043,triumph,front reservoir kit,1.0,110.99,77.0,30.62438057,25
87120,A9628044,triumph,rr res cnc blk,1.0,134.99,87.74,35.00259278,21
87126,A9628264,triumph,"brake reservoir, rear",2.0,118.99,153.4,35.54080175,28
87138,A9630056,triumph,"mirror,teardrop,drilled rh",1.0,100.99,69.99,30.69610853,59
87155,A9630228,triumph,riser fini pr,1.0,102.99,66.95,34.99368871,25
87160,A9630251,triumph,hbar high chrome,1.0,275.99,178.75,35.23316062,50
87161,A9630253,triumph,cable kit high bars,1.0,153.99,99.45,35.41788428,23
87166,A9630381,triumph,riser kit black pinned,1.0,156.99,101.4,35.40989872,24
87167,A9630383,triumph,b/end finish bk,2.0,31.99,40.3,37.01156611,26
87185,A9630822,triumph,heated grip kit,2.0,310.99,403.0,35.20691984,20
87261,A9638134,triumph,oval mirrors chrome,1.0,235.99,164.5,30.29365651,81
87265,A9638138,triumph,clamp h/bar 22.2 bar kit,1.0,105.99,68.9,34.99386735,87
87288,A9638255,triumph,cruise control kit,2.0,585.99,760.5,35.10981416,72
87289,A9638304,triumph,heated grip kit,1.0,390.99,253.5,35.16458221,18
87291,A9638308,triumph,heated grip kit,1.0,399.99,260.0,34.99837496,38
87329,A9640233,triumph,"swingarm,protector,kit",6.0,77.99,300.3,35.82510578,13
87342,A9648036,triumph,adjr rr wheel kit black,2.0,62.99,80.6,36.02159073,87
87345,A9648068,triumph,"finisher,axle",2.0,128.99,166.4,35.49887588,27
87406,A9700383,triumph,rider comfort seat,1.0,330.99,214.5,35.19441675,29
87407,A9700384-PG,triumph,short front mudguard,1.0,315.99,204.75,35.20364568,72
87417,A9700441,triumph,rider seat brown quilted,1.0,330.99,214.5,35.19441675,63
87430,A9700617,triumph,"quilted seat, brown",1.0,580.99,377.0,35.11075922,52
87436,A9700640-MP,triumph,"flyscreen,kit,silver,ice",1.0,205.99,133.25,35.31239381,13
87437,A9700640-MT,triumph,"flyscreen,kit,matt,silver,ice",2.0,205.99,266.5,35.31239381,25
87438,A9700640-NW,triumph,"flyscreen kit, crystal white",2.0,205.99,266.5,35.31239381,26
87439,A9700640-PM,triumph,"flyscreen,kit,sapphire,blk",1.0,205.99,133.25,35.31239381,14
87440,A9700685,triumph,"bellypan,kit,trident,660",5.0,220.99,715.0,35.29118965,17
87458,A9700890,triumph,"seat,dual,comfort,kit",2.0,239.99,311.98,35.00145839,14
87500,A9701253,triumph,"bracket, high screen, lh",1.0,40.99,26.0,36.5698951,40
87501,A9701254,triumph,"bracket, high screen, rh",1.0,39.99,25.35,36.60915229,40
87670,A9708131,triumph,flyscreen mount kit,1.0,60.99,42.0,31.13625184,50
87825,A9708364,triumph,radiator guard kit,3.0,162.99,315.9,35.3948095,72
87827,A9708367,triumph,htd pass seat,1.0,625.99,406.25,35.10279717,28
87828,A9708380,triumph,"sump plate, kit, black",1.0,240.99,156.0,35.26702353,21
87854,A9708412-PS,triumph,front fairing matt jet bk,2.0,1639.99,2132.0,34.99960366,75
87856,A9708416,triumph,carbon frt mudguard kit,1.0,545.99,354.25,35.1178593,73
87859,A9708438-PG,triumph,short frt mgd kit black,1.0,315.99,204.75,35.20364568,60
87862,A9708487,triumph,frnt mgd ext kit,3.0,55.99,107.25,36.14931238,27
87882,A9708587,triumph,flyscreen mounting kit,1.0,54.99,35.1,36.17021277,42
87899,A9709610,triumph,radiatorguard,1.0,128.99,83.2,35.49887588,13
88210,A9750732,triumph,backrest pad,2.0,220.99,284.76,35.57174533,63
88218,A9750845,triumph,"luggagerack,c",2.0,174.99,226.2,35.3677353,12
88290,A9758183,triumph,uprights kit backrest chr,1.0,295.99,206.5,30.23412953,35
88295,A9758290,triumph,grab rail kit black,3.0,240.99,468.0,35.26702353,14
88296,A9758292,triumph,"grab rail kit, black",2.0,234.99,305.5,34.99723392,87
88297,A9758298,triumph,grab rail kit,2.0,255.99,331.5,35.25137701,70
88303,A9758304,triumph,luggage rack kit graphite,2.0,235.99,329.0,30.29365651,87
88309,A9758310,triumph,hiway pegs logo chrome,2.0,98.99,136.5,31.05364178,33
88347,A9770115,triumph,forward control kit,1.0,390.99,253.5,35.16458221,13
88352,A9770142,triumph,"front footrest, pair",1.0,139.99,90.35,35.45967569,86
88354,A9770148,triumph,"footrest, rear, pair",1.0,130.99,85.14,35.00267196,34
88355,A9770154,triumph,"footrest, front, pair",1.0,139.99,90.35,35.45967569,87
88357,A9770179,triumph,forward control mnt kit,1.0,360.99,234.0,35.17825979,14
88365,A9770206,triumph,shft assist kit,2.0,370.99,481.0,35.17345481,14
88379,A9770300,triumph,centre stand,4.0,380.99,988.0,35.16890207,27
88383,A9770426,triumph,"fitting kit, ts",6.0,435.99,1696.5,35.14759513,21
88392,A9778019,triumph,centre stand kit - street twin,1.0,420.99,273.0,35.15285399,30
88402,A9778064,triumph,centrestand kit,2.0,420.99,546.0,35.15285399,14
88417,A9780065,triumph,fueltank protec bars kit,1.0,315.99,204.75,35.20364568,46
88437,A9788016,triumph,frame protector kit,6.0,315.99,1228.5,35.20364568,25
88461,A9790094,triumph,"tank pad, rubber",2.0,46.99,59.8,36.36944031,27
88477,A9798016,triumph,"front latch,tank bag",3.0,58.99,113.1,36.09086286,78
88479,A9798021,triumph,rubber knee pads,1.0,102.99,66.3,35.62481794,13
88486,A9798051,triumph,"tank pad, rubber",4.0,49.99,127.4,36.28725745,14
88491,A9800136,triumph,connec fix kit,4.0,46.99,119.6,36.36944031,30
88530,A9810023,triumph,"u-lock, 270mm",1.0,260.99,169.0,35.24656117,85
88532,A9810030,triumph,chain and lock 69xbt150,1.0,280.99,182.0,35.22901171,13
88533,A9818005,triumph,"mounting kit, u lock",1.0,43.99,28.59,35.00795635,85
88536,A9820031,triumph,aux power socket kit,1.0,55.99,35.75,36.14931238,35
88563,A9828051,triumph,connect.fix kit,5.0,47.99,152.75,36.34090436,19
88588,A9830148,triumph,"guard, headlight",4.0,126.99,327.6,35.50673281,14
88619,A9838053,triumph,led fog lamp kit,3.0,455.99,887.25,35.14112152,30
88627,A9838200,triumph,"headlight bezel, m/cd, kit",2.0,166.99,215.8,35.38535242,24
88628,A9838240,triumph,hdlight bzl blk,1.0,75.99,48.75,35.84682195,12
88629,A9838243,triumph,headlight bezel machined,4.0,181.99,470.6,35.35359086,68
88631,A9838250,triumph,led foglight kit,1.0,580.99,377.0,35.11075922,25
88718,A9930639,triumph,"headset,sena,50s,kit",1.0,470.99,305.5,35.1366271,12
90722,MCAS15308,triumph,logo cap black x1,2.0,44.99,62.98,30.00666815,12
90738,MCAS21002,triumph,charles cap,5.0,44.99,146.15,35.03000667,22
90782,MDJS17119-42R,triumph,lite riding jeans-42r,1.0,259.99,181.99,30.00115389,23
90788,MDJS17125-32R,triumph,hero riding jean-32r,1.0,359.99,234.01,34.99541654,49
90799,MDJS20200-32R,triumph,rokker jean,2.0,449.99,584.98,35.0007778,13
90804,MDJS21108-28R,triumph,redgate jean,4.0,399.99,1039.96,35.00087502,14
90805,MDJS21108-30R,triumph,redgate jean,4.0,399.99,1039.96,35.00087502,14
90806,MDJS21108-32R,triumph,redgate jean,4.0,399.99,1039.96,35.00087502,14
90808,MDJS21108-36R,triumph,redgate jean,4.0,399.99,1039.96,35.00087502,14
90809,MDJS21108-38R,triumph,redgate jean,4.0,399.99,1039.96,35.00087502,14
90813,MDJS21127-28R,triumph,craner jean blk,2.0,289.99,376.96,35.00465533,13
90814,MDJS21127-30R,triumph,craner jean blk,2.0,289.99,376.96,35.00465533,13
90817,MDJS21127-36R,triumph,craner jean blk,2.0,289.99,376.96,35.00465533,13
90818,MDJS21127-38R,triumph,craner jean blk,1.0,289.99,188.48,35.00465533,12
90850,MFNA2042-M-L,triumph,bright vest,2.0,79.99,103.96,35.01687711,15
90852,MFNA2043-M-L,triumph,bright brace,7.0,54.99,250.18,35.00636479,24
90862,MFNA2058-M-L,triumph,bright jacket,3.0,104.99,204.72,35.00333365,18
90909,MGOS18300,triumph,barstow goggles,1.0,104.99,69.16,34.12705972,49
91009,MGVS17304-M,triumph,mono flag glove-m,4.0,99.99,259.96,35.00350035,14
91030,MGVS18123-L,triumph,peak gloves,1.0,204.99,143.31,30.08927265,16
91033,MGVS18123-XL,triumph,peak gloves,1.0,204.99,143.31,30.08927265,30
91034,MGVS18123-XXL,triumph,peak gloves,1.0,204.99,143.31,30.08927265,30
91064,MGVS20116-M,triumph,flag mesh glove,4.0,94.99,245.72,35.33003474,12
91068,MGVS20117-L,triumph,black raven,1.0,189.99,123.48,35.00710564,23
91075,MGVS20118-S,triumph,banner blk glv,1.0,94.99,61.74,35.0036846,21
91080,MGVS20119-S,triumph,banner brn glv,3.0,94.99,185.22,35.0036846,13
91082,MGVS20119-XXL,triumph,banner brn glv,1.0,94.99,61.74,35.0036846,26
91087,MGVS20120-XXL,triumph,newton glove,1.0,99.99,64.99,35.00350035,12
91090,MGVS20121-S,triumph,harleston glove,1.0,124.99,81.23,35.01080086,16
91098,MGVS21119-L,triumph,linton gtx-l,2.0,199.99,259.98,35.00175009,13
91101,MGVS21119-XL,triumph,linton gtx-xl,2.0,199.99,259.98,35.00175009,13
91104,MGVS21318-M,triumph,alder gtx gl-m,2.0,244.99,318.46,35.00551043,16
91105,MGVS21318-S,triumph,alder gtx gl-s,3.0,244.99,477.69,35.00551043,13
91106,MGVS21318-XL,triumph,alder gtx gl-xl,2.0,244.99,318.46,35.00551043,14
91107,MGVS21318-XXL,triumph,alder gtx g-xxl,3.0,244.99,477.69,35.00551043,13
91128,MGVS2207-500M,triumph,harl g glv-m,2.0,129.99,168.96,35.01038541,13
91129,MGVS2207-500S,triumph,harl g glv-s,2.0,129.99,168.96,35.01038541,13
91133,MGVS2211-103L,triumph,cali r glv-l,1.0,104.99,68.25,34.99380893,14
91134,MGVS2211-103M,triumph,cali r glv-m,1.0,104.99,68.25,34.99380893,14
91135,MGVS2211-103S,triumph,cali r glv-s,1.0,104.99,68.25,34.99380893,14
91252,MLES22100-M,triumph,assy b jkt-m,1.0,639.99,415.99,35.00054688,13
91253,MLES22100-XL,triumph,assy b jkt-xl,1.0,639.99,415.99,35.00054688,14
91254,MLES22103-L,triumph,bradn race-l,1.0,699.99,454.99,35.00050001,14
91255,MLES22103-M,triumph,bradn race-m,1.0,699.99,454.99,35.00050001,14
91258,MLES22106-L,triumph,bradn air jkt-l,1.0,655.99,425.75,35.09809601,13
91262,MLES22106-XXL,triumph,bradn air j-xxl,1.0,655.99,425.75,35.09809601,12
91364,MLHS20111-S,triumph,braddan jacket,1.0,699.99,454.99,35.00050001,13
91367,MLHS21101-L,triumph,braddan l,2.0,665.99,864.52,35.09512155,26
91368,MLHS21101-M,triumph,braddan m,2.0,665.99,864.52,35.09512155,26
91372,MLHS21102-L,triumph,perf braddan,1.0,655.99,425.75,35.09809601,26
91373,MLHS21102-M,triumph,perf braddan,1.0,655.99,425.75,35.09809601,26
91374,MLHS21102-S,triumph,perf braddan,2.0,655.99,851.5,35.09809601,26
91375,MLHS21102-XL,triumph,perf braddan,1.0,655.99,425.75,35.09809601,26
91386,MLJS20531-36,triumph,triple jean,1.0,550.99,357.5,35.11678978,27
91387,MLJS20531-38,triumph,triple jean,1.0,550.99,357.5,35.11678978,24
91391,MLJS2201-38,triumph,tsport pant-38,1.0,570.99,370.5,35.112699,14
91392,MLJS2201-40,triumph,tsport pant-40,1.0,570.99,370.5,35.112699,14
91439,MLLS21105-L,triumph,braddan ls jkt,1.0,639.99,415.99,35.00054688,16
91440,MLLS21105-M,triumph,braddan ls jkt,1.0,639.99,415.99,35.00054688,17
91442,MLLS21105-XL,triumph,braddan ls jkt,3.0,639.99,1247.97,35.00054688,14
91443,MLLS21105-XXL,triumph,braddan ls jkt,2.0,639.99,831.98,35.00054688,24
91453,MLPS20530-L,triumph,triple jacket-l,1.0,689.99,448.49,35.00050725,16
91455,MLPS20530-S,triumph,triple jacket,1.0,689.99,448.49,35.00050725,24
91457,MLPS20530-XXL,triumph,triple jacket,1.0,689.99,448.49,35.00050725,14
91527,MLTS21106-XXL,triumph,braddan lds,3.0,444.99,867.72,35.00078653,13
91528,MLTS21310-L,triumph,hythe jacke-l,2.0,474.99,617.48,35.00073686,14
91529,MLTS21310-M,triumph,hythe jacke-m,2.0,474.99,617.48,35.00073686,14
91531,MLTS21310-XL,triumph,hythe jacke-xl,2.0,474.99,617.48,35.00073686,14
91780,MSWS21015-M,triumph,digby black,4.0,104.99,272.96,35.00333365,25
91781,MSWS21015-S,triumph,digby black,3.0,104.99,204.72,35.00333365,13
91833,MTES2206-S,triumph,trpl tritec-s,1.0,474.99,308.74,35.00073686,13
91834,MTES2206-XL,triumph,trpl tritec-xl,2.0,474.99,617.48,35.00073686,13
91835,MTES2206-XXL,triumph,trpl tritec-xxl,2.0,474.99,617.48,35.00073686,13
91837,MTES2208-M,triumph,t sprt mesh-m,1.0,410.99,266.51,35.15414,12
91923,MTHS21104-S,triumph,braddan mesh,2.0,449.99,584.98,35.0007778,26
91970,MTJS21303-36,triumph,alder gtx je-36,1.0,574.99,373.75,34.99886955,27
91971,MTJS21303-38,triumph,alder gtx je-38,1.0,574.99,373.75,34.99886955,26
91976,MTJS21305-38,triumph,cannock jean-38,1.0,444.99,289.25,34.99853929,14
91978,MTJS2207-30,triumph,trpl tri pnt-30,1.0,369.99,240.49,35.00094597,13
91981,MTJS2207-36,triumph,trpl tri pnt-36,1.0,369.99,240.49,35.00094597,13
91982,MTJS2207-38,triumph,trpl tri pnt-38,1.0,369.99,240.49,35.00094597,13
91985,MTJS22341-32,triumph,int air jns-32,1.0,300.99,195.0,35.21379448,14
91986,MTJS22341-34,triumph,int air jns-34,1.0,300.99,195.0,35.21379448,14
91987,MTJS22341-36,triumph,int air jns-36,1.0,300.99,195.0,35.21379448,14
91988,MTJS22341-38,triumph,int air jns-38,1.0,300.99,195.0,35.21379448,14
92130,MTPS20532-S,triumph,triple tritech jacket-s,1.0,474.99,308.74,35.00073686,13
92143,MTPS21304-S,triumph,leith jack-s,1.0,655.99,425.75,35.09809601,14
92162,MTPS22306-M,triumph,warrior jkt-m,2.0,339.99,441.98,35.00102944,13
92163,MTPS22306-S,triumph,warrior jkt-s,1.0,339.99,220.99,35.00102944,13
92669,MTSS20001-L,triumph,bamburgh blk iris tee-l,2.0,54.99,71.48,35.00636479,36
92672,MTSS20001-XL,triumph,bamburgh blk iris tee-xl,2.0,54.99,71.48,35.00636479,35
92694,MTSS20021-S,triumph,orford tee-s,3.0,46.99,89.7,36.36944031,13
92699,MTSS20023-S,triumph,devon tee,2.0,46.99,59.8,36.36944031,26
92701,MTSS20023-XXL,triumph,devon tee,1.0,46.99,29.9,36.36944031,24
92704,MTSS20024-S,triumph,ashwell wht tee,1.0,41.99,27.29,35.00833532,26
92747,MTSS20052-L,triumph,luss lds black tee-l,1.0,49.99,32.48,35.0270054,23
92799,MTSS21018-M,triumph,boleigh tee,2.0,44.99,58.46,35.03000667,26
92802,MTSS21018-XXL,triumph,boleigh tee,1.0,44.99,29.23,35.03000667,14
92843,MTSS22339-S,triumph,rapid dry t-s,2.0,44.99,58.46,35.03000667,14
92965,MTUS20305,triumph,tread neck tube,4.0,24.99,64.96,35.0140056,12
92970,MTUS21005,triumph,woodford tube,2.0,29.99,38.98,35.01167056,18
93183,T1141212,triumph,rubbing strip,1.0,41.99,26.83,36.10383425,21
93394,T1175200,triumph,"brg needle, k32x37x13",1.0,20.99,13.64,35.01667461,50
93457,T1182516,triumph,"sprocket, front, 16t, 525",1.0,34.99,22.16,36.66761932,39
93604,T1230069,triumph,"gasket, sump",1.0,36.99,23.69,35.95566369,29
93610,T1230110,triumph,"gasket, sump",1.0,22.99,14.54,36.75511092,21
93624,T1230540,triumph,"switch, oil pressure",2.0,38.99,49.98,35.90664273,82
93702,T1241079,triumph,"set, pilot screw",2.0,53.99,67.9,37.11798481,13
93718,T1241444,triumph,"hose, evap, canister",1.0,22.99,14.37,37.49456285,83
93738,T1242501,triumph,"tube,corrugated",2.0,29.99,37.92,36.77892631,17
93739,T1242502,triumph,"tube,corrugated",1.0,29.99,18.96,36.77892631,17
93762,T1250015,triumph,"reed valve, double",2.0,66.99,87.0,35.06493506,36
93763,T1250022,triumph,reed valve,4.0,62.99,163.76,35.00555644,38
93765,T1250075,triumph,reed valve,2.0,48.99,62.98,35.72157583,18
93770,T1250522,triumph,"solenoid,sai,",1.0,104.99,67.96,35.27002572,14
93816,T1260296,triumph,"gasket, breathe",1.0,27.99,17.79,36.44158628,29
93963,T1262267,triumph,"heelguard, rh",1.0,112.99,72.99,35.40136295,23
93969,T1263920,triumph,"gasket, alterna",1.0,25.99,16.35,37.09118892,22
93993,T1268501,triumph,"seal, cam cover",2.0,34.99,44.96,35.75307231,23
93995,T1268666,triumph,"plug,m12 x 1.75, chrome",1.0,37.99,24.17,36.37799421,69
94056,T1290660,triumph,"sensor, gear position",1.0,122.99,79.85,35.07602244,34
94062,T1290975,triumph,"sensor, air pressure",1.0,138.99,90.17,35.12482912,14
94074,T1291984,triumph,"sensor, position, gear",3.0,130.99,255.12,35.07901367,21
94078,T1292114,triumph,"sensor, water t",2.0,45.99,58.54,36.35572951,24
94090,T1295432,triumph,"sensor, gear position",2.0,117.99,152.52,35.36740402,15
94099,T1299876,triumph,"sensor,gearpo",1.0,114.99,74.4,35.29872163,14
94202,T2000155,triumph,"flgd sleeve, 17 x 25 x 35.3",1.0,21.99,13.86,36.97135061,38
94207,T2000309,triumph,"inner tube, v1",1.0,31.99,20.65,35.44857768,12
94330,T2011058,triumph,"sleeve,plastic",3.0,36.99,71.31,35.73938902,23
94404,T2015452,triumph,"cush rubber,kit",1.0,92.99,60.05,35.42316378,23
94515,T2020356,triumph,"piston set, 2 piston cal. 35mm",4.0,134.99,350.44,35.09889621,30
94561,T2020906,triumph,"switch, brake,",1.0,44.99,29.13,35.25227828,20
94566,T2020931,triumph,seal set,4.0,69.99,179.6,35.84797828,32
94615,T2021517,triumph,"lever assy,mcs,short,blk",3.0,84.99,164.22,35.59242264,12
94626,T2021622,triumph,pistons,1.0,121.99,78.75,35.44552832,20
94631,T2021806,triumph,"brake disk, rear",1.0,270.99,176.06,35.03081295,18
94632,T2021809,triumph,"lever,brake,mcs,blk",1.0,128.99,83.51,35.25854717,47
94646,T2022113,triumph,"disc assy,front",2.0,341.99,444.5,35.01271967,17
94658,T2022328,triumph,"piston set, caliper, 26,0",4.0,137.99,357.12,35.2996594,21
94659,T2022329,triumph,"seal set, caliper, 26,0",4.0,56.99,146.04,35.93612915,21
94673,T2022456,triumph,"piston & seal kit, caliper",2.0,59.99,76.72,36.05600933,67
94679,T2022522,triumph,"lever assy,mcs,",2.0,76.99,99.22,35.56306014,23
94712,T2023343,triumph,bolt&threadloc,1.0,47.99,31.09,35.21566993,12
94723,T2023486,triumph,"lever assy, brake",2.0,84.99,110.1,35.22767384,34
94736,T2024401,triumph,"disc assy,front",2.0,343.99,446.48,35.10276462,21
94746,T2024925,triumph,"piston & seal kit, caliper",2.0,137.99,178.56,35.2996594,21
94796,T2025572,triumph,brake line mcyl to hs front lg,1.0,104.99,68.07,35.16525383,63
94807,T2025831,triumph,"m/cyl assy, fro",1.0,291.99,189.46,35.11421624,23
94809,T2025899,triumph,"lever, front brake",2.0,84.99,109.48,35.59242264,24
94865,T2028672,triumph,piston and seal,6.0,232.99,906.66,35.14313919,12
94867,T2028925,triumph,"pad set, calipe",8.0,84.99,436.8,35.7571479,23
94876,T2029270,triumph,"sensor, wheel speed, has-5,270",1.0,210.99,136.71,35.20545997,71
94962,T2040481,triumph,"cable,speedometer",1.0,59.99,37.14,38.08968161,30
95079,T2041541,triumph,dust seal,12.0,21.99,165.36,37.33515234,34
95080,T2041542,triumph,dust seal,11.0,20.99,139.04,39.78084802,21
95095,T2041738,triumph,seal 7 dust 43mm red hd,7.0,48.99,219.24,36.06858543,15
95184,T2043047,triumph,clutchcable,1.0,49.99,32.25,35.48709742,14
95192,T2043111,triumph,"lever assy, clutch, adj",1.0,124.99,80.62,35.49883991,72
95194,T2043122,triumph,"lever assy,clutch,adj,mirror",1.0,142.99,92.58,35.25421358,72
95195,T2043126,triumph,"clutch lever, adjustable",1.0,101.99,66.01,35.27796843,51
95196,T2043128,triumph,"clutch lever,ad",1.0,106.99,69.52,35.02196467,21
95235,T2043539,triumph,"clamp, clutch l",1.0,29.99,18.93,36.87895965,12
95266,T2044131,triumph,"lower yoke assy, 41mm",1.0,533.99,346.52,35.10739901,81
95329,T2045140,triumph,"sensor, ap, cru",1.0,221.99,143.99,35.13671787,23
95341,T2045470,triumph,bush kit,1.0,44.99,29.01,35.51900422,28
95377,T2046010,triumph,housing clutch,1.0,50.99,33.12,35.04608747,24
95385,T2046042,triumph,"clutchlever,a",1.0,78.99,51.34,35.00443094,12
95396,T2046144,triumph,seal spacer,8.0,20.99,106.56,36.5412101,12
95413,T2046301,triumph,"clamp, handlebar, lower",2.0,63.99,82.28,35.70870449,81
95414,T2046305,triumph,"clamp, handlebar, upper",2.0,58.99,76.1,35.49754196,81
95514,T2048722,triumph,seal&bushing,6.0,115.99,450.12,35.32201052,12
95517,T2048869,triumph,"cable, clutch",1.0,53.99,34.76,35.61770698,16
95543,T2049300,triumph,"cable, throttle",1.0,63.99,41.58,35.02109705,23
95548,T2049615,triumph,"cable, clutch",1.0,55.99,36.07,35.57778175,15
95556,T2049866,triumph,dust seal,10.0,20.99,130.3,37.92282039,32
95557,T2049868,triumph,oil seal,6.0,20.99,80.52,36.06479276,30
95564,T2049992,triumph,oil seal,4.0,20.99,53.68,36.06479276,73
95565,T2049998,triumph,"lever assy,clutch,blk",1.0,63.99,41.42,35.27113612,72
95585,T2050400,triumph,chain guard,1.0,80.99,52.1,35.6710705,23
95587,T2050412,triumph,"rubbing strip,",1.0,59.99,38.56,35.72262044,23
95588,T2050413,triumph,"rubber, rubbing",1.0,21.99,13.84,37.06230105,23
95705,T2060139,triumph,"mirror, bar end, assy",2.0,128.99,166.4,35.49887588,21
95718,T2060314,triumph,"mirror, bar end, assy",1.0,71.99,46.15,35.89387415,14
95720,T2060499,triumph,"ring, friction, 22,2, a/r",5.0,32.99,106.4,35.49560473,14
95736,T2062020,triumph,"mirror, bar end",4.0,116.99,301.72,35.5244038,22
95748,T2066710,triumph,"mirror assy, rh/bar mount",1.0,138.99,89.9,35.3190877,39
95879,T2080485,triumph,"footrest assy,front,lh",1.0,133.99,86.79,35.22650944,81
95893,T2080543,triumph,"control plate,l",1.0,84.99,59.24,30.29768208,27
96033,T2081123,triumph,"footrest assy, front, lh",1.0,81.99,52.8,35.60190267,81
96040,T2081178,triumph,"switch, sidesta",2.0,75.99,98.2,35.38623503,15
96082,T2081622,triumph,"footrest, rear, hpdc, lh",1.0,103.99,67.22,35.35916915,81
96084,T2081627,triumph,"footrest, rear, hpdc, rh",1.0,103.99,67.22,35.35916915,81
96117,T2081833,triumph,"footrest, rh, black",1.0,121.99,78.85,35.36355439,25
96163,T2082119,triumph,sidestand leg,1.0,115.99,74.78,35.52892491,78
96180,T2082290,triumph,"switch, sidesta",2.0,59.99,77.34,35.53925654,22
96209,T2082877,triumph,"finisher, footrest, rear",2.0,71.99,92.68,35.6299486,71
96322,T2088103,triumph,"sidestand, spares assembly",1.0,370.99,240.77,35.10067657,39
96341,T2089634,triumph,"gear lever, rocker, assy",1.0,67.99,44.13,35.09339609,21
96346,T2089751,triumph,"lever assy, gearchange linkage",1.0,108.99,70.75,35.08578769,17
96399,T2100468,triumph,"hose, tstat to",1.0,59.99,38.37,36.03933989,24
96412,T2100654,triumph,"finisher, rad cowl, rh",1.0,44.99,28.93,35.69682152,87
96415,T2100676,triumph,thermostat,2.0,72.99,94.62,35.18290177,14
96472,T2101995-PG,triumph,"cover assembly,radiator,pg",1.0,89.99,212.38,-136.0040004,81
96493,T2104050,triumph,radiator,1.0,509.99,331.3,35.03794192,25
96508,T2106107,triumph,"hose, head to rad",2.0,58.99,75.74,35.80267842,81
96641,T2202039,triumph,"clamp, exhaust",4.0,23.99,61.08,36.34847853,24
96725,T2203478,triumph,"cover, catbox, lh assy chrome",1.0,77.99,50.43,35.33786383,84
96740,T2204061,triumph,"sensor, oxygen, m12",1.0,422.99,274.58,35.08593584,38
96780,T2205659,triumph,"filter, air",2.0,57.99,75.1,35.24745646,12
96845,T2208430,triumph,"gasket,exhaust,id44.5,od50.9",1.0,25.99,16.81,35.32127741,58
96946,T2301138,triumph,"seat assy,rider",1.0,162.99,113.75,30.21044236,84
96971,T2301342,triumph,"spring,adjustable screen",2.0,23.99,30.26,36.93205502,54
97025,T2301649,triumph,"panel, under screen, moulding",1.0,43.99,28.37,35.50807002,69
97193,T2303050,triumph,belly pan,1.0,237.99,154.09,35.25358208,21
97311,T2304693,triumph,"bracket,support, radiator",1.0,36.99,23.69,35.95566369,81
97363,T2305311,triumph,"cockpit infill panel, mldg, lh",1.0,123.99,79.98,35.49479797,39
97572,T2307548,triumph,"heat pad,faieing",1.0,25.99,16.36,37.05271258,62
97663,T2308083,triumph,"bracket, handguard, lh",1.0,21.99,13.69,37.74442929,84
97670,T2308121,triumph,"handguard, mldg, lh",1.0,52.99,34.03,35.78033591,59
97683,T2308245,triumph,"decal, sidepanel, silver",1.0,36.99,23.43,36.65855637,64
97690,T2308439,triumph,"handguard,moulding,lh",1.0,46.99,30.0,36.15662907,46
97852,T2309899,triumph,"badge, seat, bronze",1.0,59.99,37.43,37.60626771,63
97856,T2309919,triumph,"beak support, mldg",1.0,36.99,24.0,35.11759935,35
97893,T2311325,triumph,"mudguard, asm,",1.0,34.99,22.1,36.83909688,12
97906,T2312152,triumph,"side panel, rh, carbon",1.0,400.99,260.09,35.13803337,37
97948,T2319108,triumph,"mount boss, scr",8.0,30.99,160.72,35.17263633,25
97991,T2351548,triumph,"spares kit,sliding carriage",1.0,32.99,20.8,36.95059109,69
98062,T2400562,triumph,"location plate, pump",2.0,41.99,54.44,35.17504168,69
98095,T2400935,triumph,"hose,formed,evap",1.0,47.99,31.0,35.403209,83
98128,T2401154,triumph,"seal, fuel pump plate, e25",1.0,42.99,27.68,35.61293324,34
98155,T2401558,triumph,"tank badge, 130mm, colour 1",2.0,62.99,81.82,35.05318304,73
98219,T2402665,triumph,"finisher, rubbe",1.0,23.99,15.54,35.22300959,23
98297,T2500113,triumph,"horn assy,hi-tone",2.0,50.99,66.18,35.10492253,13
98367,T2500778,triumph,vin#414676 cut keys,1.0,112.99,73.42,35.0207983,60
98368,T2500783,triumph,"switch, ignition, text",1.0,316.99,200.62,36.71093725,71
98372,T2500843,triumph,"switch, heated grips",1.0,35.99,24.49,31.95332037,73
98390,T2501072,triumph,"switch,ignition,text",1.0,298.99,194.02,35.1081976,34
98470,T2502259,triumph,"key, blank, imm",2.0,72.99,94.4,35.33360734,21
98491,T2503039,triumph,"speedo gauge, black, kmh",1.0,788.99,512.79,35.00678082,32
98561,T2505609,triumph,"ignition lock, combined",1.0,316.99,205.63,35.13044576,51
98584,T2507330,triumph,"battery, lithiu",2.0,283.99,367.96,35.21602873,17
98596,T2507791,triumph,"key, blank, immob,type2,modern",1.0,72.99,47.2,35.33360734,23
98597,T2508013,triumph,"key, blank, imm",1.0,74.99,48.42,35.43139085,24
98718,T2700585,triumph,instrument & h/,1.0,120.99,78.37,35.22605174,27
98754,T2700891,triumph,"indicator, rhf, lhr",1.0,82.99,53.41,35.64284854,46
98755,T2700892,triumph,"indicator, lhf, rhr",1.0,79.99,51.63,35.4544318,43
98759,T2700916,triumph,"bracket,headlight,rh",1.0,80.99,52.16,35.59698728,39
98785,T2701053,triumph,"brkt, indicator, front, lh",1.0,48.99,31.49,35.72157583,35
98798,T2701207,triumph,"brkt, rear reflector, rhs",1.0,26.99,17.15,36.45794739,58
98806,T2701245,triumph,"indicator, black, lhf, led",1.0,123.99,79.99,35.4867328,34
98807,T2701246,triumph,"indicator, blac",1.0,123.99,79.99,35.4867328,21
98808,T2701247,triumph,"indicator, black, rhf, led",1.0,123.99,79.99,35.4867328,32
98830,T2701465,triumph,"fog lamp, led",1.0,272.99,177.06,35.14048134,35
98969,T2706500,triumph,"bowl, headlight, textured",1.0,171.99,111.16,35.36833537,50
99009,T2709154,triumph,"led unit, indicator",2.0,87.99,113.46,35.52676441,75
99177,T3120300-CE,triumph,"kit, touch up candy apple red",1.0,22.99,15.67,31.8399304,80
99410,T3330729,triumph,"screw,h/hd,m8x1",4.0,24.99,63.48,36.49459784,26
99874,T3600113,triumph,"seal,oil62x35x6",1.0,36.99,23.94,35.27980535,18
99960,T3600701,triumph,"seal, oil, dc 28 47 7",6.0,23.99,90.84,36.89037099,19
99970,T3601273,triumph,"seal,oil,28x40x7",1.0,24.99,15.65,37.37494998,36
100117,T3850194-FR,triumph,"handbook, pb1/pj1, fr",1.0,78.99,50.84,35.63742246,12
100359,T3990061,triumph,"kit,gasket kitcyl hd,908md",2.0,333.99,412.42,38.2586305,13
